Sample,X(ms) [09.01.2012 02:15:34 463 UTC],"Heater_Flow_In[%IW112]","Heater_Tin_In[%IW103]","Heater_Tout_In[%IW122]","Signals_DB.Heater_PWR"
2,1326075335063.930960,497,140,144,0
3,1326075335363.903960,495,140,144,0
4,1326075335663.892020,499,140,144,0
5,1326075335963.983100,508,140,144,0
6,1326075336263.903760,517,140,144,0
7,1326075336563.922160,512,140,144,0
8,1326075336863.920660,502,140,144,0
9,1326075337163.904440,494,140,144,0
10,1326075337463.898080,490,140,144,0
11,1326075337763.928500,492,140,144,0
12,1326075338063.896560,503,140,144,0
13,1326075338363.919480,514,140,143,0
14,1326075338663.898820,513,140,143,0
15,1326075338963.880460,499,140,143,0
16,1326075339263.915360,494,140,143,0
17,1326075339563.957540,492,140,143,0
18,1326075339863.929780,493,140,143,0
19,1326075340163.887680,502,140,143,0
20,1326075340463.920940,510,140,143,0
21,1326075340763.896700,513,140,143,0
22,1326075341063.876240,505,140,143,0
23,1326075341363.902840,494,140,143,0
24,1326075341663.901460,486,140,143,0
25,1326075341963.916540,491,140,143,0
26,1326075342263.948160,500,140,143,0
27,1326075342563.916440,508,140,143,0
28,1326075342863.922820,514,140,143,0
29,1326075343163.997820,507,140,144,0
30,1326075343463.934260,498,140,144,0
31,1326075343763.898080,491,140,144,0
32,1326075344063.897440,488,140,144,0
33,1326075344363.911380,492,140,144,20
34,1326075344663.907740,500,140,144,20
35,1326075344963.931400,514,140,144,20
36,1326075345263.885240,519,140,144,20
37,1326075345563.891800,507,140,144,20
38,1326075345863.985840,496,140,144,20
39,1326075346163.891800,490,140,144,20
40,1326075346463.880160,490,140,144,20
41,1326075346763.986460,497,140,144,20
42,1326075347063.891400,508,140,144,20
43,1326075347363.893560,516,140,144,20
44,1326075347663.933340,509,140,144,20
45,1326075347963.872620,500,140,144,20
46,1326075348263.893940,494,140,144,20
47,1326075348563.913780,491,140,144,20
48,1326075348863.906660,493,140,144,20
49,1326075349163.850380,502,140,144,20
50,1326075349463.904860,512,140,144,20
51,1326075349763.859460,512,140,143,20
52,1326075350063.847440,503,140,143,20
53,1326075350363.875860,496,140,143,20
54,1326075350663.849000,493,140,143,20
55,1326075350963.884520,492,140,143,20
56,1326075351263.903080,497,140,143,20
57,1326075351563.921820,507,140,143,20
58,1326075351863.866600,513,140,143,20
59,1326075352163.914140,506,140,143,20
60,1326075352463.879200,494,140,143,20
61,1326075352763.891220,491,140,143,20
62,1326075353063.881180,492,140,143,20
63,1326075353363.842740,497,140,143,20
64,1326075353663.869280,505,140,143,20
65,1326075353963.896920,512,140,143,20
66,1326075354263.940200,506,140,143,20
67,1326075354563.889580,499,140,144,20
68,1326075354863.902640,495,140,144,20
69,1326075355163.887840,492,140,144,20
70,1326075355463.876540,490,140,144,20
71,1326075355763.901500,492,140,144,20
72,1326075356063.942480,500,140,144,20
73,1326075356363.852740,508,140,144,20
74,1326075356663.889740,513,140,145,20
75,1326075356963.861600,504,140,145,20
76,1326075357263.858200,498,140,145,20
77,1326075357563.883900,493,140,146,20
78,1326075357863.862020,491,140,146,20
79,1326075358163.876600,493,140,146,20
80,1326075358463.890800,501,140,146,20
81,1326075358763.871300,511,140,147,20
82,1326075359063.842140,514,140,147,20
83,1326075359363.900940,505,140,147,20
84,1326075359663.877240,496,140,147,20
85,1326075359963.856960,491,140,147,20
86,1326075360263.895920,489,140,147,20
87,1326075360563.922580,494,140,148,20
88,1326075360863.898700,506,140,148,20
89,1326075361163.924300,514,140,148,20
90,1326075361463.906740,511,140,148,20
91,1326075361763.911700,500,140,149,20
92,1326075362063.932060,492,140,149,20
93,1326075362363.925120,486,140,150,20
94,1326075362663.922720,487,140,150,20
95,1326075362963.936340,499,140,151,20
96,1326075363263.923260,509,140,152,20
97,1326075363563.899120,509,140,152,20
98,1326075363863.990200,498,140,152,20
99,1326075364163.920280,491,140,153,20
100,1326075364463.930960,487,140,153,20
101,1326075364763.960240,490,140,153,20
102,1326075365063.921540,498,140,154,20
103,1326075365363.882960,508,140,154,20
104,1326075365663.937180,510,140,154,20
105,1326075365963.941180,503,140,154,20
106,1326075366263.926900,498,140,155,20
107,1326075366563.924780,495,140,155,20
108,1326075366863.889360,493,140,156,20
109,1326075367163.921000,492,140,156,20
110,1326075367463.912120,494,140,157,20
111,1326075367763.916160,500,140,158,20
112,1326075368063.899280,505,140,159,20
113,1326075368363.961140,508,140,160,20
114,1326075368663.987560,503,140,161,20
115,1326075368963.910300,499,140,161,20
116,1326075369263.923360,500,140,162,20
117,1326075369563.927080,496,140,162,20
118,1326075369863.900000,494,140,163,20
119,1326075370163.929920,502,140,163,20
120,1326075370463.945920,515,140,163,20
121,1326075370763.917340,518,140,164,20
122,1326075371063.939500,513,140,164,20
123,1326075371363.975460,501,140,165,20
124,1326075371663.895100,495,140,165,20
125,1326075371963.922880,489,140,166,20
126,1326075372263.888260,494,140,167,20
127,1326075372563.891600,511,140,168,20
128,1326075372863.914860,517,140,169,20
129,1326075373163.888880,505,140,169,20
130,1326075373463.898160,493,140,170,20
131,1326075373763.904380,489,140,172,20
132,1326075374063.881780,494,140,173,20
133,1326075374363.912820,504,140,174,20
134,1326075374663.966980,514,140,174,20
135,1326075374963.893900,512,140,175,20
136,1326075375263.925380,505,140,176,20
137,1326075375563.931620,500,140,177,20
138,1326075375863.973260,496,140,177,20
139,1326075376163.933900,493,140,178,20
140,1326075376463.937920,495,140,178,20
141,1326075376763.926160,504,140,178,20
142,1326075377063.928260,513,140,178,20
143,1326075377363.913640,507,140,179,20
144,1326075377663.924640,499,140,179,20
145,1326075377963.916640,493,140,179,20
146,1326075378263.921520,490,140,180,20
147,1326075378563.933160,496,140,180,20
148,1326075378863.913880,505,140,181,20
149,1326075379163.930140,514,140,181,20
150,1326075379463.914940,515,140,181,20
151,1326075379763.896540,505,140,182,20
152,1326075380063.939520,497,140,182,20
153,1326075380363.902280,492,140,183,20
154,1326075380663.872120,490,140,183,20
155,1326075380963.963220,492,140,183,20
156,1326075381263.903000,500,140,183,20
157,1326075381563.879600,509,140,184,20
158,1326075381863.940600,514,140,184,20
159,1326075382163.906920,506,140,184,20
160,1326075382463.924380,498,140,185,20
161,1326075382763.933880,493,140,185,20
162,1326075383063.927740,491,140,186,20
163,1326075383363.906860,496,140,187,20
164,1326075383663.940180,505,140,187,20
165,1326075383963.911520,513,140,187,20
166,1326075384263.928940,510,140,188,20
167,1326075384563.953000,501,140,188,20
168,1326075384863.950020,494,140,189,20
169,1326075385163.929360,491,140,189,20
170,1326075385463.966080,493,140,189,20
171,1326075385763.906440,502,140,190,20
172,1326075386063.940620,511,140,190,20
173,1326075386363.974260,512,140,190,20
174,1326075386663.932800,501,140,191,20
175,1326075386963.932780,493,140,191,20
176,1326075387263.968300,489,140,192,20
177,1326075387563.934040,490,140,192,20
178,1326075387863.934060,497,140,192,20
179,1326075388164.235760,506,140,193,20
180,1326075388463.980440,512,140,193,20
181,1326075388763.922460,505,140,193,20
182,1326075389063.928760,499,140,194,20
183,1326075389363.935680,495,140,194,20
184,1326075389663.915620,493,140,195,20
185,1326075389964.217480,494,140,196,20
186,1326075390263.993420,498,140,196,20
187,1326075390563.922520,506,140,196,20
188,1326075390863.957260,512,140,197,20
189,1326075391163.904240,504,140,198,20
190,1326075391463.937180,498,140,198,20
191,1326075391763.944820,494,140,198,20
192,1326075392063.921000,491,140,198,20
193,1326075392363.952460,490,140,198,20
194,1326075392663.949540,493,140,198,20
195,1326075392963.927380,500,140,198,20
196,1326075393263.946980,508,140,198,20
197,1326075393563.963340,514,140,199,20
198,1326075393863.959980,507,140,199,20
199,1326075394163.917340,498,140,199,20
200,1326075394463.948000,492,140,200,20
201,1326075394763.975800,488,140,200,20
202,1326075395063.908760,492,140,200,20
203,1326075395363.913720,501,140,200,20
204,1326075395663.913920,512,140,200,20
205,1326075395963.900040,511,140,201,20
206,1326075396263.937220,501,140,201,20
207,1326075396563.928100,495,140,201,20
208,1326075396863.903100,491,140,201,20
209,1326075397163.934060,495,140,201,20
210,1326075397463.903100,504,140,201,20
211,1326075397763.945840,514,140,201,20
212,1326075398063.947120,513,140,201,20
213,1326075398363.920820,502,140,202,20
214,1326075398663.907860,495,140,202,20
215,1326075398963.955020,491,140,202,20
216,1326075399263.926540,495,140,202,20
217,1326075399563.926000,503,140,202,20
218,1326075399863.922600,511,140,202,20
219,1326075400163.924820,508,140,202,20
220,1326075400463.946800,500,140,203,20
221,1326075400763.934380,494,140,203,20
222,1326075401063.902300,490,140,203,20
223,1326075401363.933720,489,140,202,20
224,1326075401663.923940,498,140,202,20
225,1326075401963.928280,511,140,202,20
226,1326075402263.910200,518,140,202,20
227,1326075402563.929840,510,140,202,20
228,1326075402863.916440,500,140,202,20
229,1326075403163.915300,495,140,202,20
230,1326075403463.930700,492,140,202,20
231,1326075403763.917160,497,140,202,20
232,1326075404063.899900,504,140,202,20
233,1326075404363.942960,510,140,202,20
234,1326075404663.920800,512,140,203,20
235,1326075404963.898140,504,140,203,20
236,1326075405263.943020,497,140,203,20
237,1326075405563.900440,494,140,204,20
238,1326075405863.911040,492,140,204,20
239,1326075406163.955300,491,140,204,20
240,1326075406463.987700,495,140,204,20
241,1326075406763.914460,502,140,204,20
242,1326075407063.927280,509,140,204,20
243,1326075407363.931500,512,140,204,20
244,1326075407663.924280,505,140,204,20
245,1326075407963.963960,499,140,204,20
246,1326075408263.940520,495,140,204,20
247,1326075408563.909860,494,140,205,20
248,1326075408863.948900,499,140,205,20
249,1326075409163.911400,506,140,205,20
250,1326075409463.914420,512,140,206,20
251,1326075409763.949240,510,140,206,20
252,1326075410063.925880,504,140,206,20
253,1326075410363.902820,499,140,206,20
254,1326075410663.946260,495,140,206,20
255,1326075410963.922220,495,140,206,20
256,1326075411263.912120,502,140,206,20
257,1326075411563.946280,509,140,207,20
258,1326075411863.906120,511,140,207,20
259,1326075412163.942700,505,140,207,20
260,1326075412463.958760,501,140,207,20
261,1326075412763.928620,503,140,208,20
262,1326075413063.920400,508,140,208,20
263,1326075413363.933820,505,140,208,20
264,1326075413663.977600,500,140,208,20
265,1326075413963.935500,497,140,208,20
266,1326075414263.939460,495,140,208,20
267,1326075414563.911240,497,140,208,20
268,1326075414863.907560,502,140,207,20
269,1326075415163.911280,508,140,207,20
270,1326075415463.961660,507,140,207,20
271,1326075415763.905600,502,140,207,20
272,1326075416063.916700,499,140,207,20
273,1326075416363.931020,497,140,207,20
274,1326075416663.901860,496,140,207,20
275,1326075416963.924200,495,140,207,20
276,1326075417263.908840,495,140,207,20
277,1326075417563.906880,495,140,207,20
278,1326075417863.897080,498,140,207,20
279,1326075418163.906220,503,140,207,20
280,1326075418463.895880,507,140,207,20
281,1326075418763.922060,508,140,207,20
282,1326075419063.865800,503,140,207,20
283,1326075419363.968460,499,140,207,20
284,1326075419663.888060,497,140,207,20
285,1326075419963.905140,495,140,207,20
286,1326075420263.883920,495,140,207,20
287,1326075420563.932500,496,140,207,20
288,1326075420863.913180,499,140,207,20
289,1326075421163.896860,503,140,207,20
290,1326075421463.915040,508,140,208,20
291,1326075421763.910380,509,140,208,20
292,1326075422063.876760,503,140,208,20
293,1326075422363.892420,499,140,208,20
294,1326075422663.903060,495,140,208,20
295,1326075422963.899580,494,140,208,20
296,1326075423263.958240,496,140,208,20
297,1326075423563.891700,501,140,208,20
298,1326075423863.917380,507,140,209,20
299,1326075424163.927520,508,140,209,20
300,1326075424463.905720,502,140,209,20
301,1326075424763.900720,498,140,209,20
302,1326075425063.883220,501,140,209,20
303,1326075425363.945820,502,140,209,20
304,1326075425663.892800,501,140,209,20
305,1326075425963.893900,507,140,209,20
306,1326075426263.884460,510,140,210,20
307,1326075426563.861480,509,140,210,20
308,1326075426863.902720,505,140,210,20
309,1326075427163.861520,500,140,210,20
310,1326075427463.851520,498,140,210,20
311,1326075427763.909300,498,140,210,20
312,1326075428063.878220,498,140,210,20
313,1326075428363.898360,499,140,210,20
314,1326075428663.938480,498,140,210,20
315,1326075428963.905720,499,140,210,20
316,1326075429263.928740,502,140,209,20
317,1326075429563.921580,506,140,209,20
318,1326075429863.958260,509,140,209,20
319,1326075430163.886140,508,140,209,20
320,1326075430463.894240,504,140,209,20
321,1326075430763.905500,499,140,208,20
322,1326075431063.902660,495,140,208,20
323,1326075431363.918200,493,140,208,20
324,1326075431663.913180,492,140,208,20
325,1326075431963.900100,497,140,208,20
326,1326075432263.907640,504,140,208,20
327,1326075432563.906840,509,140,207,20
328,1326075432863.888780,508,140,207,20
329,1326075433163.904840,500,140,207,20
330,1326075433463.879240,495,140,207,20
331,1326075433763.892360,491,140,207,20
332,1326075434063.941380,490,140,207,20
333,1326075434363.856640,496,140,207,20
334,1326075434663.905840,504,140,207,20
335,1326075434963.920120,510,140,207,20
336,1326075435263.910420,506,140,207,20
337,1326075435563.895100,500,140,207,20
338,1326075435863.937120,494,140,207,20
339,1326075436163.890760,489,140,207,20
340,1326075436463.914060,490,140,208,20
341,1326075436763.939940,499,140,208,20
342,1326075437063.914940,508,140,208,20
343,1326075437363.931580,507,140,208,20
344,1326075437663.938240,501,140,208,20
345,1326075437963.900020,498,140,208,20
346,1326075438263.920060,496,140,208,20
347,1326075438563.924380,494,140,208,20
348,1326075438863.896300,495,140,208,20
349,1326075439163.909440,502,140,208,20
350,1326075439463.889760,508,140,208,20
351,1326075439763.877200,509,140,208,20
352,1326075440063.838180,503,140,208,20
353,1326075440363.899120,500,140,208,20
354,1326075440663.892380,496,140,208,20
355,1326075440963.862240,494,140,208,20
356,1326075441263.872060,494,140,208,20
357,1326075441563.870720,494,140,208,20
358,1326075441863.872980,498,140,208,20
359,1326075442163.883220,502,140,208,20
360,1326075442463.888920,506,140,208,20
361,1326075442763.853920,509,140,208,20
362,1326075443063.899680,505,140,208,20
363,1326075443363.900660,502,140,208,20
364,1326075443663.914460,501,140,208,20
365,1326075443963.891920,499,140,208,20
366,1326075444263.896760,499,140,208,20
367,1326075444563.882680,499,140,208,20
368,1326075444863.923780,499,140,208,20
369,1326075445163.897680,499,140,208,20
370,1326075445463.891880,501,140,208,20
371,1326075445763.934520,505,140,208,20
372,1326075446063.906180,508,140,209,20
373,1326075446363.885900,508,140,209,20
374,1326075446663.910860,502,140,209,20
375,1326075446963.896680,498,140,209,20
376,1326075447263.914580,495,140,209,20
377,1326075447563.894820,492,140,209,20
378,1326075447863.930420,492,140,209,20
379,1326075448163.859880,498,140,209,20
380,1326075448463.928940,506,140,209,20
381,1326075448763.893980,509,140,209,20
382,1326075449063.877080,503,140,209,20
383,1326075449363.897680,498,140,209,20
384,1326075449663.851460,496,140,209,20
385,1326075449963.925900,494,140,209,20
386,1326075450263.891640,495,140,209,20
387,1326075450563.925540,500,140,209,20
388,1326075450863.906760,507,140,209,20
389,1326075451163.938400,511,140,210,20
390,1326075451463.886440,506,140,210,20
391,1326075451763.915460,500,140,210,20
392,1326075452063.950700,496,140,210,20
393,1326075452363.927280,494,140,210,40
394,1326075452663.942460,493,140,210,40
395,1326075452963.918780,495,140,210,40
396,1326075453263.961200,500,140,210,40
397,1326075453563.917940,506,140,210,40
398,1326075453863.927360,511,140,210,40
399,1326075454163.939920,511,140,210,40
400,1326075454463.910900,504,140,210,40
401,1326075454763.910880,496,140,210,40
402,1326075455063.952440,491,140,210,40
403,1326075455363.909140,488,140,210,40
404,1326075455663.956340,490,140,210,40
405,1326075455963.927940,499,140,210,40
406,1326075456263.915480,507,140,210,40
407,1326075456563.942780,511,140,210,40
408,1326075456863.914580,506,140,210,40
409,1326075457163.888140,496,140,210,40
410,1326075457463.932700,491,140,210,40
411,1326075457763.946120,487,140,210,40
412,1326075458063.940660,494,140,210,40
413,1326075458363.933800,503,140,210,40
414,1326075458663.930220,511,140,210,40
415,1326075458963.908880,506,140,210,40
416,1326075459263.942460,499,140,210,40
417,1326075459563.933160,495,140,210,40
418,1326075459863.988140,492,140,210,40
419,1326075460163.938520,494,140,210,40
420,1326075460463.940940,501,140,210,40
421,1326075460763.921040,507,140,210,40
422,1326075461063.965980,508,140,211,40
423,1326075461363.917040,500,140,211,40
424,1326075461663.918840,492,140,211,40
425,1326075461963.975380,492,140,211,40
426,1326075462263.920600,495,140,211,40
427,1326075462563.922420,499,140,211,40
428,1326075462863.914460,504,140,211,40
429,1326075463163.967360,507,140,211,40
430,1326075463463.917320,503,140,211,40
431,1326075463763.910300,500,140,211,40
432,1326075464063.905580,498,140,211,40
433,1326075464363.925420,495,140,211,40
434,1326075464663.912480,492,140,212,40
435,1326075464963.916720,493,140,212,40
436,1326075465263.964460,498,140,212,40
437,1326075465563.936520,504,140,212,40
438,1326075465863.900160,507,140,212,40
439,1326075466163.939300,504,140,212,40
440,1326075466463.937360,496,140,212,40
441,1326075466763.944400,492,140,212,40
442,1326075467063.919760,490,140,213,40
443,1326075467363.919960,489,140,213,40
444,1326075467664.263440,494,140,213,40
445,1326075467963.912260,500,140,213,40
446,1326075468263.919500,506,140,214,40
447,1326075468563.941860,509,140,215,40
448,1326075468863.923000,502,140,216,40
449,1326075469163.955420,498,140,216,40
450,1326075469463.928680,495,140,217,40
451,1326075469763.902080,493,140,218,40
452,1326075470063.975940,493,140,219,40
453,1326075470363.899940,497,140,219,40
454,1326075470663.899240,503,140,220,40
455,1326075470963.949040,508,140,220,40
456,1326075471263.899440,507,140,220,40
457,1326075471563.940060,500,140,221,40
458,1326075471863.931120,497,140,221,40
459,1326075472163.942240,494,140,222,40
460,1326075472463.910640,493,140,223,40
461,1326075472763.941280,494,140,223,40
462,1326075473063.952400,500,140,224,40
463,1326075473363.925260,507,140,225,40
464,1326075473663.937720,508,140,225,40
465,1326075473963.943920,501,140,226,40
466,1326075474263.926700,499,140,227,40
467,1326075474563.955180,498,140,227,40
468,1326075474863.934380,498,140,227,40
469,1326075475163.937400,500,140,227,40
470,1326075475463.925380,505,140,227,40
471,1326075475763.944000,510,140,227,40
472,1326075476063.926220,510,140,228,40
473,1326075476363.991940,503,140,228,40
474,1326075476663.969820,498,140,229,40
475,1326075476963.943180,494,140,230,40
476,1326075477263.976620,493,140,231,40
477,1326075477563.942860,493,140,231,40
478,1326075477863.952660,499,140,231,40
479,1326075478163.939580,505,140,232,40
480,1326075478463.928840,510,140,232,40
481,1326075478763.942420,509,140,233,40
482,1326075479063.959540,504,140,234,40
483,1326075479363.902620,501,140,235,40
484,1326075479663.950600,499,140,236,40
485,1326075479963.956920,498,140,237,40
486,1326075480263.945660,498,140,237,40
487,1326075480563.946040,499,140,238,40
488,1326075480863.965640,503,140,239,40
489,1326075481163.949460,506,140,240,40
490,1326075481463.932960,509,140,240,40
491,1326075481763.973040,508,140,241,40
492,1326075482063.907800,503,140,242,40
493,1326075482363.946780,500,140,242,40
494,1326075482663.948440,498,140,243,40
495,1326075482963.931560,498,140,243,40
496,1326075483263.927020,498,140,243,40
497,1326075483563.953760,504,140,243,40
498,1326075483863.938860,506,140,244,40
499,1326075484163.914300,505,140,244,40
500,1326075484463.952440,506,140,244,40
501,1326075484763.928720,509,140,245,40
502,1326075485063.910080,507,140,246,40
503,1326075485363.927220,503,140,246,40
504,1326075485663.882020,498,140,248,40
505,1326075485963.915520,495,140,248,40
506,1326075486263.956940,494,140,249,40
507,1326075486563.897540,497,140,249,40
508,1326075486863.905460,503,140,250,40
509,1326075487163.950640,508,140,250,40
510,1326075487463.911940,507,140,250,40
511,1326075487763.909400,501,140,251,40
512,1326075488063.932020,497,140,252,40
513,1326075488363.900720,494,140,252,40
514,1326075488663.927620,491,140,253,40
515,1326075488963.956960,495,140,254,40
516,1326075489263.890280,503,140,255,40
517,1326075489563.934440,510,140,255,40
518,1326075489863.984480,510,140,256,40
519,1326075490163.911820,504,140,256,40
520,1326075490463.892920,499,140,257,40
521,1326075490763.906500,495,140,257,40
522,1326075491063.916680,492,140,258,40
523,1326075491363.923660,490,140,258,40
524,1326075491663.933740,493,140,258,40
525,1326075491963.920720,502,140,259,40
526,1326075492263.906740,510,140,259,40
527,1326075492563.899860,511,140,259,40
528,1326075492863.940860,502,140,260,40
529,1326075493163.910940,492,140,260,40
530,1326075493463.927600,489,140,260,40
531,1326075493763.894520,489,140,261,40
532,1326075494063.893160,497,140,261,40
533,1326075494363.904040,506,140,262,40
534,1326075494663.889680,510,140,262,40
535,1326075494963.879220,506,140,262,40
536,1326075495263.902400,500,140,263,40
537,1326075495563.893200,496,140,263,40
538,1326075495863.872380,494,140,263,40
539,1326075496163.929260,494,140,263,40
540,1326075496463.918960,499,140,264,40
541,1326075496763.923480,507,140,264,40
542,1326075497063.922900,509,140,265,40
543,1326075497363.925640,501,140,266,40
544,1326075497663.928260,495,140,267,40
545,1326075497963.913440,491,140,267,40
546,1326075498263.896500,491,140,267,40
547,1326075498563.918420,496,140,268,40
548,1326075498863.924820,503,140,268,40
549,1326075499163.919400,507,140,268,40
550,1326075499463.893480,508,140,268,40
551,1326075499763.922160,503,140,269,40
552,1326075500063.960940,498,140,269,40
553,1326075500363.959880,494,140,270,40
554,1326075500663.925320,493,140,270,40
555,1326075500963.932780,496,140,270,40
556,1326075501263.883620,503,140,270,40
557,1326075501563.902020,509,140,270,40
558,1326075501863.900840,509,140,270,40
559,1326075502163.872880,501,140,270,40
560,1326075502463.933060,496,140,270,40
561,1326075502763.917680,494,140,270,40
562,1326075503063.921260,492,140,271,40
563,1326075503363.918660,491,140,271,40
564,1326075503663.916740,496,140,271,40
565,1326075503963.899840,504,140,271,40
566,1326075504263.899940,511,140,271,40
567,1326075504563.908860,510,140,271,40
568,1326075504863.921120,501,140,271,40
569,1326075505163.912740,496,140,271,40
570,1326075505463.910960,493,140,271,40
571,1326075505763.869980,493,140,271,40
572,1326075506063.900740,499,140,271,40
573,1326075506363.901260,508,140,271,40
574,1326075506663.918540,512,140,271,40
575,1326075506963.928940,506,140,271,40
576,1326075507263.875640,499,140,272,40
577,1326075507563.874640,495,140,272,40
578,1326075507863.898160,493,140,272,40
579,1326075508163.864840,493,140,272,40
580,1326075508463.883800,498,140,273,40
581,1326075508763.887740,506,140,273,40
582,1326075509063.888100,512,140,273,40
583,1326075509363.848600,508,140,273,40
584,1326075509663.901760,502,140,273,40
585,1326075509963.863480,498,140,273,40
586,1326075510263.932420,495,140,273,40
587,1326075510563.865440,494,140,274,40
588,1326075510863.879640,495,140,274,40
589,1326075511163.879580,501,140,274,40
590,1326075511463.895560,509,140,274,40
591,1326075511763.887200,510,140,274,40
592,1326075512063.883240,503,140,274,40
593,1326075512363.915060,499,140,274,40
594,1326075512663.856180,497,140,274,40
595,1326075512963.887280,495,140,274,40
596,1326075513263.905000,495,140,274,40
597,1326075513563.852380,499,140,274,40
598,1326075513863.849040,505,140,274,40
599,1326075514163.916940,511,140,274,40
600,1326075514463.854680,511,140,275,40
601,1326075514763.863840,502,140,275,40
602,1326075515063.859660,496,140,275,40
603,1326075515363.873720,492,140,275,40
604,1326075515663.842480,490,140,275,40
605,1326075515963.929000,493,140,275,40
606,1326075516263.872680,502,140,275,40
607,1326075516563.870680,510,140,275,40
608,1326075516863.964860,513,140,275,40
609,1326075517163.892980,503,140,275,40
610,1326075517463.870160,495,140,275,40
611,1326075517763.887260,490,140,275,40
612,1326075518063.892180,489,140,275,40
613,1326075518363.866120,497,140,276,40
614,1326075518663.912800,506,140,276,40
615,1326075518963.921540,512,140,276,40
616,1326075519263.873020,506,140,276,40
617,1326075519563.951820,500,140,276,40
618,1326075519863.904480,495,140,276,40
619,1326075520163.881760,492,140,276,40
620,1326075520463.902200,493,140,276,40
621,1326075520763.906660,498,140,276,40
622,1326075521063.884560,507,140,276,40
623,1326075521363.918920,509,140,276,40
624,1326075521663.885140,502,140,276,40
625,1326075521963.912820,497,140,276,40
626,1326075522263.916960,493,140,276,40
627,1326075522563.901340,492,140,276,40
628,1326075522863.915660,496,140,276,40
629,1326075523163.937520,503,140,276,40
630,1326075523463.911480,510,140,276,40
631,1326075523763.935820,510,140,276,40
632,1326075524063.954700,501,140,276,40
633,1326075524363.924160,495,140,277,40
634,1326075524663.894920,491,140,277,40
635,1326075524963.970980,491,140,277,40
636,1326075525263.945580,498,140,277,40
637,1326075525563.925740,507,140,277,40
638,1326075525863.932860,512,140,277,40
639,1326075526163.911860,505,140,277,40
640,1326075526463.919540,499,140,278,40
641,1326075526763.933980,496,140,278,40
642,1326075527063.915200,495,140,278,40
643,1326075527363.895140,493,140,278,40
644,1326075527663.981240,494,140,279,40
645,1326075527963.894240,500,140,279,40
646,1326075528263.897720,507,140,279,40
647,1326075528563.942400,504,140,279,40
648,1326075528863.907880,501,140,279,40
649,1326075529163.881900,502,140,279,40
650,1326075529463.943600,500,140,279,40
651,1326075529763.904780,496,140,279,40
652,1326075530063.926460,494,140,279,40
653,1326075530363.902100,493,140,279,40
654,1326075530663.901780,497,140,279,40
655,1326075530963.885380,504,140,279,40
656,1326075531263.904300,510,140,279,40
657,1326075531563.921560,506,140,279,40
658,1326075531863.912400,500,140,279,40
659,1326075532163.925240,498,140,279,40
660,1326075532463.926540,496,140,280,40
661,1326075532763.898000,495,140,280,40
662,1326075533063.903200,498,140,280,40
663,1326075533363.912540,503,140,280,40
664,1326075533663.915540,509,140,280,40
665,1326075533963.938100,507,140,281,40
666,1326075534263.942840,489,140,281,40
667,1326075534563.904720,490,140,281,40
668,1326075534863.932520,494,140,281,40
669,1326075535163.922280,498,140,281,40
670,1326075535463.922560,503,140,281,40
671,1326075535763.917020,505,140,281,40
672,1326075536063.905740,502,140,281,40
673,1326075536363.939320,499,140,281,40
674,1326075536663.940060,498,140,281,40
675,1326075536963.913180,496,140,281,40
676,1326075537263.894340,494,140,281,40
677,1326075537563.924300,493,140,281,40
678,1326075537863.906320,498,140,281,40
679,1326075538163.905660,506,140,281,40
680,1326075538463.920660,510,140,281,40
681,1326075538763.956360,506,140,281,40
682,1326075539063.952400,500,140,281,40
683,1326075539363.922460,497,140,281,40
684,1326075539663.914920,494,140,281,40
685,1326075539963.897080,492,140,280,40
686,1326075540263.935100,489,140,280,40
687,1326075540563.989120,495,140,280,40
688,1326075540863.911340,506,140,280,40
689,1326075541163.966380,512,140,280,40
690,1326075541463.890900,508,140,280,40
691,1326075541763.939960,498,140,280,40
692,1326075542063.925480,492,140,280,40
693,1326075542363.928360,489,140,280,40
694,1326075542663.922780,488,140,280,40
695,1326075542963.906820,495,140,281,40
696,1326075543263.914620,502,140,281,40
697,1326075543563.919720,507,140,281,40
698,1326075543863.952780,504,140,281,40
699,1326075544163.937860,498,140,281,40
700,1326075544463.941760,493,140,281,40
701,1326075544763.932600,490,140,281,40
702,1326075545063.914480,491,140,281,40
703,1326075545363.941460,497,140,281,40
704,1326075545663.979440,505,140,281,40
705,1326075545963.922500,508,140,281,40
706,1326075546263.968700,501,140,281,40
707,1326075546563.955260,495,140,281,40
708,1326075546863.939380,491,140,281,40
709,1326075547163.957020,490,140,281,40
710,1326075547463.968380,493,140,281,40
711,1326075547764.212300,500,140,281,40
712,1326075548063.937840,506,140,281,40
713,1326075548363.929680,506,140,281,40
714,1326075548663.927420,499,140,281,40
715,1326075548963.923480,490,140,281,40
716,1326075549264.208060,485,140,281,40
717,1326075549563.935940,488,140,281,40
718,1326075549863.922040,497,140,281,40
719,1326075550163.955500,506,140,281,40
720,1326075550463.956500,509,140,281,40
721,1326075550763.935760,499,140,281,40
722,1326075551063.974340,494,140,281,40
723,1326075551363.958700,491,140,281,40
724,1326075551663.947740,490,140,281,40
725,1326075551963.957800,491,140,281,40
726,1326075552263.949980,497,140,281,40
727,1326075552563.960020,504,140,281,40
728,1326075552863.982100,510,140,281,40
729,1326075553163.920340,509,140,282,40
730,1326075553463.921280,501,140,282,40
731,1326075553763.930760,496,140,282,40
732,1326075554063.948580,494,140,282,40
733,1326075554363.907920,493,140,282,40
734,1326075554664.001080,494,140,282,40
735,1326075554963.941360,500,140,282,40
736,1326075555263.929980,507,140,282,40
737,1326075555563.949500,514,140,282,40
738,1326075555863.931860,513,140,282,40
739,1326075556163.900980,501,140,282,40
740,1326075556463.969660,491,140,282,40
741,1326075556763.910100,490,140,282,40
742,1326075557063.939940,496,140,282,40
743,1326075557363.952280,506,140,282,40
744,1326075557664.000680,513,140,282,40
745,1326075557963.927860,510,140,282,40
746,1326075558263.914240,501,140,283,40
747,1326075558563.933100,496,140,283,40
748,1326075558863.906980,494,140,283,40
749,1326075559163.936820,497,140,283,40
750,1326075559463.934380,503,140,283,40
751,1326075559763.921620,510,140,283,40
752,1326075560063.921220,512,140,283,40
753,1326075560363.931200,505,140,283,40
754,1326075560663.881460,502,140,283,40
755,1326075560963.960160,499,140,283,40
756,1326075561263.935460,497,140,283,40
757,1326075561563.890020,500,140,283,40
758,1326075561863.928940,507,140,283,40
759,1326075562163.917100,508,140,283,40
760,1326075562463.961440,507,140,283,40
761,1326075562763.951760,505,140,283,40
762,1326075563063.924820,505,140,283,40
763,1326075563363.912980,505,140,283,40
764,1326075563663.939320,504,140,283,40
765,1326075563964.219940,502,140,283,40
766,1326075564263.924640,501,140,283,40
767,1326075564563.950700,501,140,283,40
768,1326075564863.934200,502,140,283,40
769,1326075565163.942420,503,140,283,40
770,1326075565463.941200,502,140,283,40
771,1326075565763.924560,501,140,283,40
772,1326075566063.901600,501,140,282,40
773,1326075566363.925700,503,140,282,40
774,1326075566663.938280,503,140,282,40
775,1326075566963.886040,503,140,282,40
776,1326075567263.933860,500,140,282,40
777,1326075567563.906760,496,140,282,40
778,1326075567863.922740,495,140,282,40
779,1326075568163.952860,499,140,282,40
780,1326075568463.910680,503,140,282,40
781,1326075568763.940220,505,140,282,40
782,1326075569063.942540,501,140,282,40
783,1326075569363.920660,497,140,282,40
784,1326075569663.920000,499,140,282,40
785,1326075569963.937100,501,140,282,40
786,1326075570263.950980,502,140,282,40
787,1326075570563.898360,501,140,282,40
788,1326075570863.960400,499,140,282,40
789,1326075571163.906840,499,140,283,40
790,1326075571463.944960,500,140,283,40
791,1326075571763.969460,501,140,283,40
792,1326075572063.933980,502,140,283,40
793,1326075572363.897340,505,140,283,40
794,1326075572663.939400,510,140,283,40
795,1326075572963.912820,506,140,283,40
796,1326075573263.928640,497,140,283,40
797,1326075573563.933580,494,140,283,40
798,1326075573863.893660,494,140,283,40
799,1326075574163.889180,496,140,283,40
800,1326075574463.921160,501,140,283,40
801,1326075574763.896340,506,140,283,40
802,1326075575063.920700,510,140,283,40
803,1326075575363.882000,507,140,283,40
804,1326075575663.881040,502,140,283,40
805,1326075575963.882600,499,140,283,40
806,1326075576263.916900,495,140,283,60
807,1326075576563.902060,493,140,283,60
808,1326075576863.898060,493,140,283,60
809,1326075577163.919780,496,140,283,60
810,1326075577463.862740,501,140,283,60
811,1326075577763.959420,506,140,283,60
812,1326075578063.921000,511,140,283,60
813,1326075578363.893100,508,140,283,60
814,1326075578663.936880,503,140,284,60
815,1326075578963.936920,500,140,284,60
816,1326075579263.896500,498,140,284,60
817,1326075579563.925740,496,140,284,60
818,1326075579863.915120,495,140,284,60
819,1326075580163.917360,496,140,284,60
820,1326075580463.956000,501,140,284,60
821,1326075580763.913200,506,140,284,60
822,1326075581063.905580,516,140,284,60
823,1326075581363.899620,516,140,284,60
824,1326075581663.902980,501,140,284,60
825,1326075581963.907500,492,140,284,60
826,1326075582263.903460,489,140,283,60
827,1326075582563.910540,493,140,283,60
828,1326075582863.909520,503,140,283,60
829,1326075583163.893520,512,140,283,60
830,1326075583463.926260,511,140,283,60
831,1326075583763.896320,502,140,283,60
832,1326075584063.883380,496,140,283,60
833,1326075584363.904300,492,140,284,60
834,1326075584663.883460,487,140,284,60
835,1326075584963.893660,496,140,284,60
836,1326075585263.887240,507,140,284,60
837,1326075585563.864940,513,140,284,60
838,1326075585863.876160,502,140,285,60
839,1326075586163.875280,494,140,285,60
840,1326075586463.891880,490,140,285,60
841,1326075586763.890820,490,140,285,60
842,1326075587063.949600,497,140,285,60
843,1326075587363.912440,505,140,285,60
844,1326075587663.873120,511,140,285,60
845,1326075587963.908640,506,140,285,60
846,1326075588263.889420,499,140,285,60
847,1326075588563.912780,493,140,286,60
848,1326075588863.923480,490,140,286,60
849,1326075589163.905140,489,140,287,60
850,1326075589463.904460,494,140,288,60
851,1326075589763.892700,503,140,288,60
852,1326075590063.885960,511,140,289,60
853,1326075590363.919620,508,140,289,60
854,1326075590663.913100,500,140,289,60
855,1326075590963.890500,494,140,289,60
856,1326075591263.904600,487,140,290,60
857,1326075591563.886320,486,140,291,60
858,1326075591863.907840,491,140,292,60
859,1326075592163.888120,502,140,292,60
860,1326075592463.935060,508,140,293,60
861,1326075592763.908360,504,140,293,60
862,1326075593063.882900,498,140,293,60
863,1326075593363.918260,496,140,294,60
864,1326075593663.884640,495,140,294,60
865,1326075593963.907040,494,140,294,60
866,1326075594263.920460,493,140,295,60
867,1326075594563.907320,499,140,295,60
868,1326075594863.877560,509,140,295,60
869,1326075595163.908120,511,140,295,60
870,1326075595463.911000,505,140,296,60
871,1326075595763.881960,498,140,297,60
872,1326075596063.905340,495,140,297,60
873,1326075596363.880140,493,140,298,60
874,1326075596663.877460,495,140,299,60
875,1326075596963.904460,502,140,300,60
876,1326075597263.891240,508,140,300,60
877,1326075597563.905400,510,140,301,60
878,1326075597863.930480,503,140,301,60
879,1326075598163.861100,498,140,302,60
880,1326075598463.878840,494,140,303,60
881,1326075598763.900660,493,140,303,60
882,1326075599063.848980,498,140,304,60
883,1326075599363.888500,505,140,304,60
884,1326075599663.878900,511,140,305,60
885,1326075599963.870240,507,140,306,60
886,1326075600263.867140,501,140,307,60
887,1326075600563.930500,497,140,307,60
888,1326075600863.886840,494,140,308,60
889,1326075601163.879440,493,140,308,60
890,1326075601463.897740,492,140,309,60
891,1326075601763.888840,494,140,309,60
892,1326075602063.875520,500,140,310,60
893,1326075602363.930540,507,140,310,60
894,1326075602663.860720,510,140,310,60
895,1326075602963.859700,503,140,310,60
896,1326075603263.876520,498,140,311,60
897,1326075603563.871300,495,140,311,60
898,1326075603863.859920,493,140,311,60
899,1326075604163.880780,495,140,311,60
900,1326075604463.972320,502,140,311,60
901,1326075604763.877880,509,140,312,60
902,1326075605063.921260,510,140,312,60
903,1326075605363.913600,504,140,313,60
904,1326075605663.880260,499,140,313,60
905,1326075605963.920420,495,140,314,60
906,1326075606263.900180,494,140,315,60
907,1326075606563.894940,497,140,316,60
908,1326075606863.916920,503,140,316,60
909,1326075607163.908580,510,140,317,60
910,1326075607463.898380,508,140,317,60
911,1326075607763.891660,500,140,318,60
912,1326075608063.915320,495,140,318,60
913,1326075608363.901780,492,140,318,60
914,1326075608663.924840,493,140,318,60
915,1326075608963.920780,499,140,318,60
916,1326075609263.897940,507,140,319,60
917,1326075609563.947960,511,140,320,60
918,1326075609863.964520,505,140,320,60
919,1326075610163.925400,497,140,321,60
920,1326075610463.960680,492,140,321,60
921,1326075610763.900100,490,140,322,60
922,1326075611063.907580,495,140,323,60
923,1326075611363.951000,504,140,324,60
924,1326075611663.915600,510,140,325,60
925,1326075611963.933420,507,140,325,60
926,1326075612263.951660,500,140,326,60
927,1326075612563.917660,495,140,326,60
928,1326075612863.914000,492,140,327,60
929,1326075613163.968780,491,140,328,60
930,1326075613463.918020,493,140,328,60
931,1326075613763.905320,498,140,329,60
932,1326075614063.952980,505,140,330,60
933,1326075614363.897500,511,140,330,60
934,1326075614663.907660,508,140,330,60
935,1326075614963.953360,502,140,331,60
936,1326075615263.914360,497,140,332,60
937,1326075615563.927680,494,140,332,60
938,1326075615863.938040,493,140,333,60
939,1326075616163.909940,494,140,333,60
940,1326075616463.946620,497,140,333,60
941,1326075616763.944240,504,140,334,60
942,1326075617063.905860,509,140,334,60
943,1326075617363.926280,508,140,334,60
944,1326075617663.938820,501,140,335,60
945,1326075617963.938980,496,140,335,60
946,1326075618263.961080,493,140,335,60
947,1326075618563.961180,493,140,336,60
948,1326075618863.918080,496,140,336,60
949,1326075619163.941900,505,140,336,60
950,1326075619463.943300,511,140,336,60
951,1326075619763.913120,508,140,337,60
952,1326075620063.965800,506,140,337,60
953,1326075620363.917180,500,140,337,60
954,1326075620663.914040,497,140,338,60
955,1326075620963.908740,495,140,338,60
956,1326075621263.963740,498,140,338,60
957,1326075621563.918720,506,140,339,60
958,1326075621863.908400,511,140,339,60
959,1326075622163.937280,511,140,340,60
960,1326075622463.943320,503,140,340,60
961,1326075622763.936460,499,140,340,60
962,1326075623063.926380,495,140,340,60
963,1326075623363.906440,492,140,341,60
964,1326075623663.923580,497,140,341,60
965,1326075623963.937100,506,140,341,60
966,1326075624263.902820,513,140,341,60
967,1326075624563.932700,510,140,341,60
968,1326075624863.941560,501,140,341,60
969,1326075625163.931720,494,140,342,60
970,1326075625463.911880,490,140,342,60
971,1326075625763.967440,490,140,343,60
972,1326075626063.923620,495,140,343,60
973,1326075626363.945500,505,140,343,60
974,1326075626663.943780,512,140,343,60
975,1326075626963.908560,512,140,343,60
976,1326075627263.911400,503,140,343,60
977,1326075627563.947440,496,140,343,60
978,1326075627863.926980,492,140,344,60
979,1326075628163.913960,489,140,344,60
980,1326075628463.949720,493,140,344,60
981,1326075628763.896200,502,140,344,60
982,1326075629063.926360,510,140,344,60
983,1326075629363.939340,511,140,344,60
984,1326075629663.952780,502,140,344,60
985,1326075629963.890960,495,140,344,60
986,1326075630263.954280,491,140,344,60
987,1326075630563.925940,491,140,344,60
988,1326075630863.907720,498,140,344,60
989,1326075631164.215680,507,140,344,60
990,1326075631463.947760,512,140,344,60
991,1326075631763.926100,504,140,344,60
992,1326075632063.930460,497,140,344,60
993,1326075632363.923480,493,140,345,60
994,1326075632663.945240,491,140,345,60
995,1326075632963.938840,493,140,345,60
996,1326075633263.961440,501,140,346,60
997,1326075633563.930540,509,140,346,60
998,1326075633863.960260,512,140,346,60
999,1326075634163.916800,505,140,346,60
1000,1326075634463.953660,497,140,346,60
1001,1326075634763.949280,492,140,346,60
1002,1326075635064.000200,490,140,346,60
1003,1326075635363.952160,496,140,346,60
1004,1326075635663.933900,505,140,346,60
1005,1326075635963.952860,512,140,347,60
1006,1326075636263.930380,510,140,347,60
1007,1326075636563.971300,502,140,347,60
1008,1326075636863.951580,496,140,347,60
1009,1326075637163.969940,493,140,347,60
1010,1326075637463.958840,492,140,347,60
1011,1326075637763.931760,493,140,347,60
1012,1326075638063.947920,496,140,347,60
1013,1326075638363.946360,504,140,347,60
1014,1326075638663.908720,509,140,348,60
1015,1326075638963.926100,512,140,348,60
1016,1326075639263.950080,505,140,348,60
1017,1326075639563.936780,499,140,348,60
1018,1326075639863.943460,494,140,348,60
1019,1326075640163.968200,491,140,348,60
1020,1326075640463.946360,492,140,348,60
1021,1326075640763.920280,498,140,348,60
1022,1326075641063.971060,507,140,348,60
1023,1326075641363.938060,513,140,348,60
1024,1326075641663.923940,508,140,348,60
1025,1326075641963.966080,500,140,348,60
1026,1326075642263.958480,495,140,348,60
1027,1326075642563.918840,491,140,348,60
1028,1326075642863.959820,490,140,348,60
1029,1326075643163.951960,491,140,348,60
1030,1326075643463.925340,494,140,348,60
1031,1326075643763.945660,504,140,348,60
1032,1326075644063.948440,510,140,348,60
1033,1326075644363.904720,506,140,348,60
1034,1326075644663.910020,496,140,348,60
1035,1326075644963.929980,492,140,348,60
1036,1326075645263.908500,489,140,348,60
1037,1326075645563.925840,480,140,348,60
1038,1326075645863.962460,493,140,348,60
1039,1326075646163.923680,506,140,349,60
1040,1326075646463.943940,515,140,349,60
1041,1326075646763.915320,504,140,349,60
1042,1326075647063.947280,496,140,349,60
1043,1326075647363.942480,490,140,349,60
1044,1326075647663.928000,487,140,350,60
1045,1326075647964.260300,493,140,350,60
1046,1326075648263.921680,502,140,350,60
1047,1326075648563.893580,511,140,350,60
1048,1326075648863.892500,509,140,350,60
1049,1326075649163.942940,502,140,350,60
1050,1326075649463.907860,498,140,350,60
1051,1326075649763.897960,495,140,350,60
1052,1326075650063.930840,493,140,350,60
1053,1326075650363.886380,491,140,350,60
1054,1326075650663.891980,492,140,350,60
1055,1326075650963.932860,498,140,350,60
1056,1326075651263.899020,506,140,350,60
1057,1326075651563.920160,511,140,350,60
1058,1326075651863.908720,508,140,351,60
1059,1326075652163.917800,501,140,351,60
1060,1326075652463.883580,496,140,351,60
1061,1326075652763.904160,494,140,351,60
1062,1326075653063.880780,488,140,351,60
1063,1326075653363.924500,488,140,351,60
1064,1326075653663.879600,495,140,351,60
1065,1326075653963.910960,505,140,351,60
1066,1326075654263.891160,512,140,351,60
1067,1326075654563.923900,506,140,351,60
1068,1326075654863.981540,497,140,351,60
1069,1326075655163.925720,492,140,351,60
1070,1326075655463.921940,490,140,351,60
1071,1326075655763.915320,491,140,351,60
1072,1326075656063.922060,504,140,351,60
1073,1326075656363.932580,510,140,352,60
1074,1326075656663.917000,509,140,352,60
1075,1326075656963.897520,501,140,352,60
1076,1326075657263.950580,497,140,352,60
1077,1326075657563.914140,492,140,352,60
1078,1326075657863.936140,489,140,352,60
1079,1326075658163.922980,495,140,352,60
1080,1326075658463.887800,502,140,352,60
1081,1326075658763.891460,507,140,352,60
1082,1326075659063.929100,508,140,352,60
1083,1326075659363.919720,505,140,352,60
1084,1326075659663.910060,501,140,351,60
1085,1326075659963.937220,497,140,351,60
1086,1326075660263.925060,494,140,351,60
1087,1326075660563.905460,492,140,351,60
1088,1326075660863.944140,494,140,351,60
1089,1326075661163.901140,499,140,351,60
1090,1326075661463.922320,504,140,351,60
1091,1326075661763.930120,508,140,351,60
1092,1326075662063.897220,509,140,351,60
1093,1326075662363.939680,503,140,351,60
1094,1326075662663.955360,497,140,351,60
1095,1326075662963.921300,495,140,351,60
1096,1326075663263.901200,490,140,351,60
1097,1326075663563.906840,487,140,351,60
1098,1326075663863.921700,491,140,351,60
1099,1326075664163.896020,500,140,351,60
1100,1326075664463.975240,507,140,351,60
1101,1326075664763.897780,510,140,352,60
1102,1326075665063.907860,503,140,352,60
1103,1326075665363.917860,498,140,352,60
1104,1326075665663.872660,495,140,352,60
1105,1326075665963.866820,491,140,352,60
1106,1326075666263.885800,490,140,352,60
1107,1326075666563.859540,494,140,352,60
1108,1326075666863.875080,501,140,353,60
1109,1326075667163.889020,511,140,353,60
1110,1326075667463.856360,513,140,353,60
1111,1326075667763.883860,504,140,353,60
1112,1326075668063.889280,496,140,353,60
1113,1326075668363.879820,493,140,353,60
1114,1326075668663.874780,491,140,353,60
1115,1326075668963.896180,493,140,353,60
1116,1326075669263.872480,501,140,353,60
1117,1326075669563.877020,510,140,353,60
1118,1326075669863.913520,511,140,353,60
1119,1326075670163.878900,505,140,353,60
1120,1326075670463.876780,499,140,353,60
1121,1326075670763.904060,496,140,353,60
1122,1326075671063.881520,494,140,353,60
1123,1326075671363.867620,494,140,353,60
1124,1326075671663.899480,498,140,353,60
1125,1326075671963.871120,505,140,353,60
1126,1326075672263.849180,510,140,354,60
1127,1326075672563.896620,507,140,354,60
1128,1326075672863.882860,500,140,354,60
1129,1326075673163.842340,496,140,354,60
1130,1326075673463.882500,493,140,354,60
1131,1326075673763.875640,491,140,354,60
1132,1326075674063.888600,496,140,354,60
1133,1326075674363.902860,503,140,354,60
1134,1326075674663.882800,507,140,354,60
1135,1326075674963.890120,511,140,353,60
1136,1326075675263.889700,509,140,353,60
1137,1326075675563.957880,505,140,353,60
1138,1326075675863.865600,503,140,353,60
1139,1326075676163.919220,500,140,353,60
1140,1326075676463.887820,497,140,354,60
1141,1326075676763.857560,496,140,354,60
1142,1326075677063.883200,495,140,354,60
1143,1326075677363.919920,496,140,354,60
1144,1326075677663.917080,499,140,354,60
1145,1326075677963.920820,510,140,355,60
1146,1326075678263.901360,519,140,355,60
1147,1326075678563.883280,512,140,355,60
1148,1326075678863.921260,499,140,355,60
1149,1326075679163.899460,496,140,355,60
1150,1326075679463.899720,496,140,355,60
1151,1326075679763.910120,500,140,355,60
1152,1326075680063.878900,505,140,355,60
1153,1326075680363.916440,509,140,354,60
1154,1326075680663.902560,512,140,354,60
1155,1326075680963.983500,506,140,354,60
1156,1326075681263.964340,500,140,354,60
1157,1326075681563.919860,488,140,355,60
1158,1326075681863.901740,484,140,355,60
1159,1326075682163.933860,491,140,355,60
1160,1326075682463.921400,500,140,355,60
1161,1326075682763.899680,496,140,355,60
1162,1326075683063.881320,496,140,355,60
1163,1326075683363.932620,493,140,355,60
1164,1326075683663.873260,496,140,355,60
1165,1326075683963.904560,490,140,355,60
1166,1326075684263.948020,487,140,355,60
1167,1326075684563.983220,498,140,355,60
1168,1326075684863.896340,513,140,355,60
1169,1326075685163.947820,514,140,355,60
1170,1326075685463.916540,509,140,355,60
1171,1326075685763.926220,488,140,355,60
1172,1326075686063.960600,489,140,355,60
1173,1326075686363.921480,492,140,355,60
1174,1326075686663.895680,495,140,355,60
1175,1326075686963.947460,499,140,355,60
1176,1326075687263.889880,504,140,355,60
1177,1326075687563.917840,511,140,355,60
1178,1326075687863.936460,513,140,354,60
1179,1326075688163.923680,508,140,354,60
1180,1326075688463.888940,502,140,354,60
1181,1326075688763.938240,498,140,354,60
1182,1326075689063.916220,495,140,354,60
1183,1326075689363.901060,496,140,354,60
1184,1326075689663.997540,498,140,354,60
1185,1326075689963.930900,500,140,354,60
1186,1326075690263.924060,503,140,354,60
1187,1326075690563.926460,506,140,354,60
1188,1326075690863.910880,509,140,354,60
1189,1326075691163.908600,508,140,354,60
1190,1326075691463.944420,502,140,354,60
1191,1326075691763.916700,498,140,354,60
1192,1326075692063.939780,496,140,355,60
1193,1326075692363.942620,495,140,355,60
1194,1326075692663.911680,496,140,355,60
1195,1326075692963.887520,500,140,355,60
1196,1326075693263.942900,506,140,355,60
1197,1326075693563.946880,509,140,355,60
1198,1326075693863.888260,505,140,355,60
1199,1326075694163.931220,499,140,355,60
1200,1326075694463.924000,496,140,355,60
1201,1326075694763.913200,494,140,355,60
1202,1326075695063.910880,492,140,355,60
1203,1326075695363.919620,496,140,355,60
1204,1326075695663.895780,510,140,355,60
1205,1326075695963.937260,517,140,355,60
1206,1326075696263.913840,507,140,355,60
1207,1326075696563.984840,500,140,355,60
1208,1326075696863.945720,497,140,355,60
1209,1326075697163.899720,495,140,355,60
1210,1326075697463.939720,493,140,355,60
1211,1326075697763.927920,488,140,355,60
1212,1326075698063.914280,494,140,355,60
1213,1326075698363.907200,506,140,355,60
1214,1326075698663.911560,513,140,355,60
1215,1326075698963.952060,513,140,354,60
1216,1326075699263.929200,502,140,354,60
1217,1326075699563.945040,492,140,354,60
1218,1326075699863.918840,489,140,354,60
1219,1326075700163.950940,490,140,354,60
1220,1326075700463.923960,493,140,354,60
1221,1326075700763.894020,499,140,354,60
1222,1326075701063.920360,505,140,354,60
1223,1326075701363.921060,512,140,354,60
1224,1326075701663.933520,512,140,354,60
1225,1326075701963.908960,505,140,354,60
1226,1326075702263.922660,498,140,354,60
1227,1326075702563.911800,494,140,354,60
1228,1326075702863.963580,492,140,354,60
1229,1326075703163.947720,492,140,355,60
1230,1326075703463.944860,497,140,355,60
1231,1326075703763.934900,506,140,355,60
1232,1326075704063.967980,511,140,355,60
1233,1326075704363.933640,509,140,355,60
1234,1326075704663.936400,502,140,355,60
1235,1326075704963.953880,498,140,355,60
1236,1326075705263.938660,495,140,355,60
1237,1326075705563.918780,494,140,355,60
1238,1326075705863.970840,495,140,355,60
1239,1326075706163.939840,502,140,355,60
1240,1326075706463.935020,509,140,355,60
1241,1326075706763.970920,511,140,356,60
1242,1326075707063.982840,505,140,356,60
1243,1326075707363.939500,500,140,356,60
1244,1326075707663.971300,497,140,356,60
1245,1326075707963.902280,495,140,356,60
1246,1326075708263.945860,495,140,355,60
1247,1326075708563.962980,500,140,355,60
1248,1326075708863.919540,507,140,355,60
1249,1326075709163.938160,509,140,355,80
1250,1326075709463.945680,508,140,355,80
1251,1326075709763.949800,505,140,355,80
1252,1326075710063.927400,504,140,355,80
1253,1326075710363.976500,503,140,355,80
1254,1326075710663.929480,501,140,355,80
1255,1326075710963.930700,499,140,355,80
1256,1326075711263.950100,498,140,355,80
1257,1326075711563.910700,497,140,355,80
1258,1326075711863.942040,498,140,355,80
1259,1326075712163.954580,498,140,355,80
1260,1326075712463.934520,498,140,355,80
1261,1326075712763.973200,501,140,355,80
1262,1326075713063.913280,505,140,355,80
1263,1326075713363.906880,507,140,355,80
1264,1326075713663.904120,504,140,355,80
1265,1326075713963.955860,502,140,355,80
1266,1326075714263.919220,503,140,355,80
1267,1326075714563.906720,504,140,355,80
1268,1326075714863.931020,504,140,355,80
1269,1326075715163.922700,503,140,355,80
1270,1326075715463.906920,501,140,355,80
1271,1326075715763.920760,499,140,355,80
1272,1326075716063.917860,498,140,355,80
1273,1326075716363.914560,497,140,355,80
1274,1326075716663.967740,498,140,355,80
1275,1326075716963.941040,498,140,355,80
1276,1326075717263.927260,499,140,355,80
1277,1326075717563.940540,500,140,355,80
1278,1326075717863.929160,503,140,355,80
1279,1326075718163.972680,506,140,356,80
1280,1326075718463.959760,508,140,356,80
1281,1326075718763.913340,504,140,357,80
1282,1326075719063.934340,499,140,357,80
1283,1326075719363.935480,494,140,357,80
1284,1326075719663.917040,492,140,357,80
1285,1326075719963.919100,490,140,357,80
1286,1326075720263.952880,493,140,357,80
1287,1326075720563.908580,499,140,358,80
1288,1326075720863.923580,506,140,358,80
1289,1326075721163.938300,508,140,358,80
1290,1326075721463.938760,503,140,358,80
1291,1326075721763.921840,497,140,358,80
1292,1326075722063.939840,493,140,358,80
1293,1326075722363.956980,490,140,359,80
1294,1326075722663.930540,489,140,359,80
1295,1326075722963.958580,493,140,360,80
1296,1326075723263.943440,500,140,360,80
1297,1326075723563.940960,507,140,361,80
1298,1326075723863.987520,511,140,361,80
1299,1326075724163.935760,507,140,361,80
1300,1326075724463.940120,500,140,362,80
1301,1326075724763.967100,496,140,362,80
1302,1326075725063.910960,493,140,363,80
1303,1326075725363.901500,492,140,363,80
1304,1326075725663.931680,491,140,364,80
1305,1326075725963.936580,494,140,364,80
1306,1326075726263.910140,500,140,364,80
1307,1326075726563.918780,508,140,365,80
1308,1326075726863.903240,513,140,365,80
1309,1326075727163.934080,507,140,365,80
1310,1326075727463.948260,499,140,365,80
1311,1326075727763.920760,494,140,366,80
1312,1326075728063.921860,490,140,367,80
1313,1326075728363.914700,488,140,368,80
1314,1326075728663.879760,491,140,369,80
1315,1326075728963.921140,499,140,370,80
1316,1326075729263.981580,508,140,370,80
1317,1326075729563.920460,511,140,371,80
1318,1326075729863.884240,505,140,371,80
1319,1326075730163.955320,498,140,372,80
1320,1326075730463.909980,494,140,372,80
1321,1326075730763.920560,491,140,372,80
1322,1326075731063.925280,490,140,372,80
1323,1326075731363.927820,492,140,372,80
1324,1326075731663.979900,500,140,373,80
1325,1326075731963.941060,508,140,374,80
1326,1326075732263.908180,510,140,375,80
1327,1326075732563.887260,503,140,375,80
1328,1326075732863.929500,497,140,376,80
1329,1326075733163.936380,493,140,377,80
1330,1326075733463.891000,490,140,378,80
1331,1326075733763.942780,492,140,378,80
1332,1326075734063.888760,498,140,379,80
1333,1326075734363.932580,507,140,380,80
1334,1326075734663.910800,512,140,381,80
1335,1326075734963.918700,506,140,381,80
1336,1326075735263.897620,501,140,381,80
1337,1326075735563.933400,498,140,382,80
1338,1326075735863.875460,497,140,382,80
1339,1326075736163.871660,496,140,382,80
1340,1326075736463.905080,496,140,382,80
1341,1326075736763.881440,497,140,383,80
1342,1326075737063.953740,501,140,383,80
1343,1326075737363.894260,506,140,383,80
1344,1326075737663.944680,510,140,383,80
1345,1326075737963.891100,511,140,384,80
1346,1326075738263.912560,506,140,384,80
1347,1326075738563.901160,502,140,385,80
1348,1326075738863.967440,506,140,386,80
1349,1326075739163.908200,501,140,387,80
1350,1326075739463.901620,495,140,388,80
1351,1326075739763.892900,495,140,389,80
1352,1326075740063.954160,499,140,390,80
1353,1326075740363.917880,505,140,390,80
1354,1326075740663.901460,509,140,391,80
1355,1326075740963.917140,511,140,391,80
1356,1326075741263.902580,509,140,392,80
1357,1326075741563.906300,504,140,392,80
1358,1326075741863.917860,501,140,392,80
1359,1326075742163.896780,497,140,393,80
1360,1326075742463.882300,494,140,393,80
1361,1326075742763.992080,492,140,393,80
1362,1326075743063.869380,494,140,393,80
1363,1326075743363.905580,501,140,393,80
1364,1326075743663.917900,507,140,393,80
1365,1326075743963.865720,512,140,393,80
1366,1326075744263.871580,508,140,393,80
1367,1326075744563.872200,500,140,394,80
1368,1326075744863.888940,494,140,394,80
1369,1326075745163.872960,491,140,395,80
1370,1326075745463.893260,490,140,395,80
1371,1326075745763.882100,496,140,395,80
1372,1326075746063.913380,506,140,396,80
1373,1326075746363.909780,514,140,397,80
1374,1326075746663.920660,511,140,397,80
1375,1326075746963.898440,501,140,398,80
1376,1326075747263.931380,494,140,398,80
1377,1326075747563.890900,490,140,399,80
1378,1326075747863.897720,489,140,399,80
1379,1326075748163.916320,492,140,399,80
1380,1326075748463.895340,500,140,400,80
1381,1326075748763.913360,509,140,400,80
1382,1326075749063.930940,516,140,400,80
1383,1326075749363.916920,514,140,400,80
1384,1326075749663.865120,504,140,401,80
1385,1326075749963.931740,497,140,401,80
1386,1326075750263.904860,493,140,402,80
1387,1326075750563.952880,490,140,402,80
1388,1326075750863.886140,493,140,402,80
1389,1326075751163.914540,500,140,403,80
1390,1326075751463.917220,509,140,403,80
1391,1326075751763.916460,514,140,404,80
1392,1326075752063.907460,507,140,404,80
1393,1326075752363.870120,498,140,405,80
1394,1326075752663.900040,493,140,405,80
1395,1326075752963.883560,490,140,406,80
1396,1326075753263.923020,491,140,406,80
1397,1326075753563.912720,498,140,407,80
1398,1326075753863.888140,506,140,407,80
1399,1326075754163.970600,513,140,407,80
1400,1326075754463.920680,508,140,408,80
1401,1326075754763.916360,500,140,408,80
1402,1326075755063.889020,497,140,408,80
1403,1326075755363.923840,500,140,408,80
1404,1326075755663.897020,508,140,408,80
1405,1326075755963.923720,508,140,408,80
1406,1326075756263.879660,502,140,408,80
1407,1326075756563.933380,497,140,408,80
1408,1326075756863.879660,494,140,408,80
1409,1326075757163.875020,492,140,408,80
1410,1326075757463.881980,495,140,409,80
1411,1326075757763.869620,502,140,409,80
1412,1326075758063.890520,509,140,410,80
1413,1326075758363.843920,513,140,411,80
1414,1326075758663.853340,506,140,411,80
1415,1326075758963.894260,498,140,411,80
1416,1326075759263.928460,493,140,411,80
1417,1326075759563.874100,490,140,411,80
1418,1326075759863.904080,492,140,411,80
1419,1326075760163.876600,498,140,411,80
1420,1326075760463.863660,507,140,412,80
1421,1326075760763.868440,512,140,412,80
1422,1326075761063.885980,513,140,412,80
1423,1326075761363.869160,504,140,412,80
1424,1326075761663.900200,496,140,412,80
1425,1326075761963.863320,491,140,413,80
1426,1326075762263.905080,489,140,413,80
1427,1326075762563.870200,489,140,413,80
1428,1326075762863.846260,495,140,414,80
1429,1326075763163.839720,503,140,414,80
1430,1326075763463.895800,510,140,415,80
1431,1326075763763.876600,511,140,415,80
1432,1326075764063.881940,502,140,415,80
1433,1326075764363.875660,495,140,415,80
1434,1326075764663.848400,490,140,415,80
1435,1326075764963.872260,488,140,415,80
1436,1326075765263.853460,490,140,415,80
1437,1326075765563.887800,498,140,416,80
1438,1326075765863.860800,508,140,416,80
1439,1326075766163.871760,513,140,416,80
1440,1326075766463.914940,506,140,417,80
1441,1326075766763.900180,497,140,417,80
1442,1326075767063.919780,491,140,418,80
1443,1326075767363.932540,489,140,418,80
1444,1326075767663.937240,492,140,418,80
1445,1326075767963.948280,500,140,418,80
1446,1326075768263.924680,508,140,418,80
1447,1326075768563.936160,512,140,417,80
1448,1326075768863.933740,505,140,417,80
1449,1326075769163.938620,497,140,417,80
1450,1326075769463.907460,493,140,417,80
1451,1326075769763.969940,490,140,417,80
1452,1326075770063.948920,492,140,417,80
1453,1326075770363.913060,499,140,417,80
1454,1326075770663.940860,510,140,417,80
1455,1326075770963.906180,517,140,417,80
1456,1326075771263.932960,509,140,418,80
1457,1326075771563.941940,500,140,418,80
1458,1326075771863.948280,496,140,418,80
1459,1326075772163.928680,492,140,418,80
1460,1326075772463.911120,490,140,418,80
1461,1326075772763.948840,492,140,418,80
1462,1326075773063.923400,499,140,418,80
1463,1326075773363.995520,507,140,418,80
1464,1326075773663.923720,514,140,418,80
1465,1326075773963.932620,516,140,418,80
1466,1326075774263.942260,507,140,419,80
1467,1326075774563.903440,498,140,419,80
1468,1326075774863.922580,493,140,419,80
1469,1326075775163.938360,489,140,419,80
1470,1326075775463.933680,491,140,419,80
1471,1326075775763.907780,497,140,419,80
1472,1326075776063.956240,505,140,419,80
1473,1326075776363.912440,512,140,419,80
1474,1326075776663.985100,514,140,419,80
1475,1326075776963.940140,505,140,419,80
1476,1326075777263.904300,496,140,419,80
1477,1326075777563.937340,491,140,420,80
1478,1326075777863.941160,489,140,420,80
1479,1326075778163.915300,493,140,420,80
1480,1326075778463.913940,501,140,420,80
1481,1326075778763.954160,510,140,420,80
1482,1326075779063.913100,512,140,420,80
1483,1326075779363.916700,503,140,420,80
1484,1326075779663.953800,496,140,420,80
1485,1326075779963.900140,492,140,420,80
1486,1326075780263.890720,492,140,420,80
1487,1326075780563.910700,496,140,420,80
1488,1326075780863.902020,504,140,420,80
1489,1326075781163.936300,512,140,420,80
1490,1326075781463.918540,513,140,420,80
1491,1326075781763.910940,503,140,420,80
1492,1326075782063.933100,495,140,420,80
1493,1326075782363.916840,490,140,420,80
1494,1326075782663.907740,489,140,420,80
1495,1326075782963.928940,493,140,420,80
1496,1326075783263.943740,501,140,420,80
1497,1326075783563.941980,509,140,420,80
1498,1326075783863.924860,509,140,420,80
1499,1326075784163.933280,501,140,420,80
1500,1326075784463.988480,495,140,420,80
1501,1326075784763.902820,491,140,420,80
1502,1326075785063.945420,488,140,420,80
1503,1326075785363.933500,490,140,420,80
1504,1326075785663.942180,496,140,420,80
1505,1326075785963.905720,505,140,420,80
1506,1326075786263.996720,513,140,420,80
1507,1326075786563.905880,510,140,420,80
1508,1326075786864.000660,502,140,420,80
1509,1326075787163.928480,495,140,420,80
1510,1326075787463.944340,492,140,420,80
1511,1326075787763.957960,491,140,420,80
1512,1326075788063.919420,494,140,420,80
1513,1326075788363.920660,502,140,420,80
1514,1326075788663.943280,509,140,420,80
1515,1326075788963.921300,514,140,420,80
1516,1326075789263.934820,507,140,420,80
1517,1326075789563.943100,501,140,420,80
1518,1326075789863.998740,497,140,420,80
1519,1326075790163.926980,492,140,421,80
1520,1326075790463.927100,481,140,421,80
1521,1326075790763.951540,482,140,421,80
1522,1326075791063.953180,491,140,421,80
1523,1326075791364.227940,501,140,421,80
1524,1326075791663.985060,505,140,421,80
1525,1326075791963.928460,497,140,421,80
1526,1326075792263.930900,494,140,421,80
1527,1326075792563.940840,492,140,421,80
1528,1326075792863.924920,493,140,421,80
1529,1326075793163.934080,492,140,422,80
1530,1326075793463.933480,494,140,422,80
1531,1326075793763.918320,500,140,422,80
1532,1326075794063.955600,507,140,422,80
1533,1326075794363.957100,507,140,422,80
1534,1326075794663.948220,500,140,422,80
1535,1326075794963.963580,494,140,422,80
1536,1326075795263.950640,490,140,422,80
1537,1326075795563.960800,489,140,422,80
1538,1326075795863.941240,494,140,422,80
1539,1326075796163.934040,501,140,422,80
1540,1326075796463.927360,514,140,422,80
1541,1326075796763.956540,519,140,422,80
1542,1326075797063.922580,509,140,423,80
1543,1326075797363.915060,499,140,423,80
1544,1326075797663.945260,494,140,423,80
1545,1326075797963.923140,495,140,423,80
1546,1326075798263.915540,496,140,423,80
1547,1326075798563.960580,502,140,423,80
1548,1326075798863.958880,510,140,423,80
1549,1326075799163.940480,516,140,423,80
1550,1326075799463.947540,515,140,423,80
1551,1326075799763.942780,504,140,423,80
1552,1326075800063.937420,497,140,423,80
1553,1326075800363.963140,493,140,423,80
1554,1326075800664.213460,492,140,423,80
1555,1326075800963.919140,496,140,423,80
1556,1326075801263.933540,502,140,423,80
1557,1326075801563.926040,511,140,423,80
1558,1326075801863.935560,514,140,423,80
1559,1326075802164.249180,506,140,423,80
1560,1326075802463.925540,499,140,423,80
1561,1326075802763.923040,494,140,423,80
1562,1326075803063.964980,491,140,423,80
1563,1326075803363.925360,493,140,423,80
1564,1326075803663.948080,499,140,423,80
1565,1326075803963.931540,508,140,423,80
1566,1326075804263.934920,514,140,423,80
1567,1326075804563.940180,511,140,423,80
1568,1326075804863.961180,504,140,423,80
1569,1326075805163.935620,497,140,423,80
1570,1326075805463.930840,494,140,423,80
1571,1326075805763.938840,493,140,422,80
1572,1326075806063.909640,497,140,422,80
1573,1326075806363.927100,504,140,422,80
1574,1326075806663.893660,511,140,422,80
1575,1326075806963.902260,513,140,422,80
1576,1326075807263.879080,505,140,422,80
1577,1326075807563.922220,499,140,422,80
1578,1326075807863.901620,494,140,422,80
1579,1326075808163.904520,492,140,423,80
1580,1326075808463.949340,494,140,423,80
1581,1326075808763.915140,500,140,423,80
1582,1326075809063.867720,506,140,423,80
1583,1326075809363.920220,512,140,422,80
1584,1326075809663.954780,512,140,422,80
1585,1326075809963.904020,505,140,422,80
1586,1326075810263.911040,500,140,422,80
1587,1326075810563.903680,496,140,422,80
1588,1326075810863.866620,494,140,422,80
1589,1326075811163.906700,492,140,422,80
1590,1326075811463.904080,493,140,422,80
1591,1326075811763.882800,498,140,422,80
1592,1326075812063.929720,505,140,422,80
1593,1326075812363.898960,511,140,422,80
1594,1326075812663.886180,512,140,422,80
1595,1326075812963.944980,505,140,422,80
1596,1326075813263.915120,499,140,423,80
1597,1326075813563.880960,494,140,423,80
1598,1326075813863.942420,492,140,423,80
1599,1326075814163.917800,492,140,424,80
1600,1326075814463.890320,496,140,424,80
1601,1326075814763.900320,502,140,424,80
1602,1326075815063.902660,509,140,424,80
1603,1326075815363.928040,513,140,424,80
1604,1326075815663.972360,506,140,424,80
1605,1326075815963.911880,499,140,424,80
1606,1326075816263.931180,494,140,424,80
1607,1326075816563.924460,490,140,424,80
1608,1326075816863.906960,492,140,424,80
1609,1326075817163.898680,498,140,424,80
1610,1326075817463.965660,506,140,424,80
1611,1326075817763.914920,513,140,424,80
1612,1326075818063.887360,510,140,424,80
1613,1326075818363.935180,501,140,424,80
1614,1326075818663.915300,496,140,424,80
1615,1326075818963.906100,492,140,424,80
1616,1326075819263.918780,492,140,424,80
1617,1326075819563.898980,497,140,424,80
1618,1326075819863.921200,506,140,424,80
1619,1326075820163.916840,512,140,424,80
1620,1326075820463.969540,508,140,424,80
1621,1326075820763.909840,500,140,424,80
1622,1326075821063.945600,496,140,424,80
1623,1326075821363.899340,493,140,424,80
1624,1326075821663.953240,491,140,424,80
1625,1326075821963.936000,491,140,424,80
1626,1326075822263.904780,495,140,424,80
1627,1326075822563.918660,501,140,424,80
1628,1326075822863.926560,508,140,423,80
1629,1326075823163.888300,513,140,423,80
1630,1326075823463.899840,508,140,423,80
1631,1326075823763.944200,498,140,423,80
1632,1326075824063.897000,493,140,423,80
1633,1326075824363.848440,489,140,423,80
1634,1326075824663.918420,489,140,423,80
1635,1326075824963.894800,494,140,423,80
1636,1326075825263.894700,502,140,423,80
1637,1326075825563.893860,510,140,423,80
1638,1326075825863.934300,510,140,423,80
1639,1326075826163.887900,502,140,424,80
1640,1326075826463.868160,491,140,424,80
1641,1326075826763.871360,476,140,424,80
1642,1326075827063.888940,480,140,424,80
1643,1326075827363.906100,488,140,424,80
1644,1326075827663.873300,495,140,424,80
1645,1326075827963.853380,496,140,424,80
1646,1326075828263.901100,498,140,424,80
1647,1326075828563.898480,500,140,423,80
1648,1326075828863.894500,505,140,423,80
1649,1326075829163.914240,517,140,423,80
1650,1326075829463.837420,505,140,423,80
1651,1326075829763.873180,493,140,423,80
1652,1326075830063.885740,482,140,423,80
1653,1326075830363.855920,495,140,423,80
1654,1326075830663.850680,504,140,423,80
1655,1326075830963.931840,511,140,423,80
1656,1326075831263.884180,508,140,423,80
1657,1326075831563.882000,496,140,423,80
1658,1326075831863.908040,498,140,424,80
1659,1326075832163.843840,498,140,424,80
1660,1326075832463.868160,500,140,424,80
1661,1326075832763.870940,503,140,424,80
1662,1326075833063.886260,511,140,424,80
1663,1326075833363.884420,517,140,424,80
1664,1326075833663.893340,515,140,424,80
1665,1326075833963.866680,507,140,424,80
1666,1326075834263.880200,500,140,424,80
1667,1326075834563.880500,493,140,424,80
1668,1326075834863.878880,490,140,424,80
1669,1326075835163.861880,493,140,424,80
1670,1326075835463.870360,498,140,424,80
1671,1326075835763.913680,506,140,424,80
1672,1326075836063.891980,513,140,424,80
1673,1326075836363.923580,515,140,424,80
1674,1326075836663.903220,509,140,424,80
1675,1326075836963.889300,503,140,424,80
1676,1326075837263.906180,498,140,424,80
1677,1326075837563.895680,494,140,424,80
1678,1326075837863.887120,493,140,424,80
1679,1326075838163.932460,493,140,424,80
1680,1326075838463.903800,498,140,424,80
1681,1326075838763.879180,504,140,424,80
1682,1326075839063.961720,510,140,424,80
1683,1326075839363.877180,511,140,424,80
1684,1326075839663.920700,503,140,424,80
1685,1326075839963.921540,498,140,424,80
1686,1326075840263.907880,494,140,424,80
1687,1326075840563.880520,492,140,424,80
1688,1326075840863.892480,493,140,424,80
1689,1326075841163.901000,499,140,424,80
1690,1326075841463.894040,506,140,424,80
1691,1326075841763.901040,512,140,424,80
1692,1326075842063.894500,507,140,424,80
1693,1326075842363.921780,499,140,424,80
1694,1326075842663.911040,494,140,423,80
1695,1326075842963.870340,492,140,423,80
1696,1326075843263.902900,493,140,423,80
1697,1326075843563.909440,498,140,423,80
1698,1326075843863.876800,505,140,423,80
1699,1326075844163.915000,511,140,423,80
1700,1326075844463.929480,507,140,423,80
1701,1326075844763.882360,500,140,423,80
1702,1326075845063.893040,496,140,423,80
1703,1326075845363.916760,494,140,423,80
1704,1326075845663.915960,493,140,424,80
1705,1326075845963.907160,494,140,424,80
1706,1326075846264.241360,497,140,424,80
1707,1326075846563.912660,502,140,424,80
1708,1326075846863.917800,506,140,424,80
1709,1326075847163.950000,510,140,425,80
1710,1326075847463.927120,510,140,425,80
1711,1326075847763.915300,503,140,425,80
1712,1326075848063.982280,498,140,425,80
1713,1326075848363.921120,494,140,425,80
1714,1326075848663.949900,492,140,425,80
1715,1326075848963.938660,492,140,425,80
1716,1326075849263.923380,496,140,425,80
1717,1326075849563.938200,503,140,425,80
1718,1326075849863.908220,509,140,424,80
1719,1326075850163.900960,513,140,424,80
1720,1326075850463.888220,506,140,424,80
1721,1326075850763.941360,500,140,424,80
1722,1326075851063.922780,496,140,424,80
1723,1326075851363.917640,494,140,423,80
1724,1326075851663.946620,493,140,423,80
1725,1326075851963.923100,494,140,423,100
1726,1326075852263.909880,499,140,423,100
1727,1326075852563.911260,505,140,423,100
1728,1326075852863.901900,510,140,423,100
1729,1326075853163.889140,508,140,423,100
1730,1326075853463.946280,500,140,423,100
1731,1326075853763.902980,494,140,423,100
1732,1326075854063.919180,491,140,423,100
1733,1326075854363.946960,491,140,423,100
1734,1326075854663.922560,496,140,423,100
1735,1326075854963.916600,503,140,423,100
1736,1326075855263.924740,509,140,423,100
1737,1326075855563.894780,512,140,423,100
1738,1326075855863.927780,504,140,423,100
1739,1326075856163.929580,497,140,424,100
1740,1326075856463.907540,493,140,424,100
1741,1326075856763.926140,490,140,424,100
1742,1326075857063.919800,493,140,424,100
1743,1326075857363.954780,498,140,424,100
1744,1326075857663.958380,506,140,424,100
1745,1326075857963.954900,512,140,424,100
1746,1326075858263.941980,507,140,424,100
1747,1326075858563.932480,500,140,424,100
1748,1326075858863.991220,495,140,424,100
1749,1326075859163.908440,492,140,424,100
1750,1326075859463.913260,491,140,424,100
1751,1326075859763.920140,494,140,424,100
1752,1326075860063.912600,499,140,424,100
1753,1326075860363.930120,506,140,425,100
1754,1326075860663.932620,512,140,425,100
1755,1326075860963.920660,511,140,425,100
1756,1326075861263.925240,503,140,425,100
1757,1326075861563.928220,496,140,426,100
1758,1326075861863.917900,492,140,426,100
1759,1326075862163.917180,491,140,427,100
1760,1326075862464.262500,494,140,427,100
1761,1326075862763.923080,500,140,427,100
1762,1326075863063.972280,507,140,428,100
1763,1326075863363.934820,512,140,428,100
1764,1326075863663.900080,509,140,428,100
1765,1326075863963.943420,502,140,428,100
1766,1326075864263.945880,498,140,428,100
1767,1326075864563.938740,495,140,429,100
1768,1326075864863.936280,494,140,429,100
1769,1326075865163.935700,494,140,430,100
1770,1326075865463.923820,498,140,430,100
1771,1326075865763.973340,503,140,431,100
1772,1326075866063.971700,509,140,431,100
1773,1326075866363.943680,509,140,432,100
1774,1326075866663.945440,502,140,433,100
1775,1326075866963.928960,497,140,434,100
1776,1326075867263.972020,494,140,434,100
1777,1326075867563.922280,493,140,435,100
1778,1326075867863.950060,495,140,435,100
1779,1326075868163.930900,500,140,436,100
1780,1326075868463.947980,505,140,436,100
1781,1326075868763.944980,511,140,437,100
1782,1326075869063.956800,510,140,437,100
1783,1326075869363.950860,503,140,437,100
1784,1326075869663.929420,498,140,438,100
1785,1326075869963.936880,495,140,439,100
1786,1326075870263.919320,494,140,439,100
1787,1326075870563.944100,493,140,440,100
1788,1326075870863.942860,494,140,440,100
1789,1326075871163.929880,497,140,440,100
1790,1326075871463.955960,502,140,441,100
1791,1326075871763.987820,506,140,441,100
1792,1326075872063.916540,510,140,441,100
1793,1326075872363.919200,512,140,442,100
1794,1326075872663.934980,505,140,442,100
1795,1326075872963.907660,500,140,443,100
1796,1326075873263.925960,497,140,443,100
1797,1326075873563.942060,494,140,443,100
1798,1326075873863.911300,493,140,443,100
1799,1326075874163.953960,494,140,443,100
1800,1326075874463.925820,498,140,444,100
1801,1326075874763.920480,503,140,444,100
1802,1326075875063.957200,507,140,444,100
1803,1326075875363.904480,510,140,444,100
1804,1326075875663.917360,506,140,445,100
1805,1326075875963.931860,501,140,446,100
1806,1326075876263.916440,498,140,446,100
1807,1326075876563.935240,495,140,446,100
1808,1326075876863.931160,494,140,447,100
1809,1326075877163.947460,495,140,448,100
1810,1326075877463.913420,499,140,449,100
1811,1326075877763.953200,504,140,450,100
1812,1326075878063.929700,508,140,451,100
1813,1326075878363.942700,507,140,452,100
1814,1326075878663.934440,501,140,453,100
1815,1326075878963.925440,496,140,453,100
1816,1326075879263.952340,492,140,454,100
1817,1326075879563.946260,490,140,454,100
1818,1326075879863.932060,492,140,455,100
1819,1326075880163.942800,496,140,455,100
1820,1326075880463.972080,502,140,455,100
1821,1326075880763.954660,507,140,456,100
1822,1326075881063.923740,504,140,457,100
1823,1326075881363.942060,500,140,457,100
1824,1326075881663.937980,495,140,458,100
1825,1326075881963.908860,493,140,458,100
1826,1326075882263.941360,492,140,458,100
1827,1326075882563.939220,496,140,459,100
1828,1326075882863.941620,500,140,459,100
1829,1326075883163.969140,506,140,459,100
1830,1326075883463.924640,510,140,460,100
1831,1326075883763.916080,511,140,461,100
1832,1326075884063.956280,505,140,462,100
1833,1326075884363.908600,500,140,463,100
1834,1326075884664.000140,498,140,463,100
1835,1326075884964.001200,496,140,464,100
1836,1326075885263.945040,494,140,465,100
1837,1326075885563.930760,494,140,465,100
1838,1326075885863.941780,496,140,467,100
1839,1326075886163.935540,500,140,467,100
1840,1326075886463.932040,504,140,467,100
1841,1326075886763.938260,508,140,468,100
1842,1326075887063.907680,510,140,468,100
1843,1326075887363.891260,504,140,468,100
1844,1326075887663.953740,501,140,468,100
1845,1326075887963.923260,498,140,468,100
1846,1326075888263.891740,497,140,468,100
1847,1326075888563.920920,496,140,469,100
1848,1326075888863.919340,496,140,469,100
1849,1326075889163.893060,497,140,469,100
1850,1326075889463.914120,500,140,469,100
1851,1326075889763.903120,504,140,470,100
1852,1326075890063.924660,507,140,470,100
1853,1326075890363.945860,508,140,470,100
1854,1326075890663.951420,503,140,470,100
1855,1326075890963.918520,499,140,470,100
1856,1326075891263.920260,497,140,470,100
1857,1326075891563.929580,496,140,471,100
1858,1326075891863.918240,496,140,471,100
1859,1326075892163.991160,496,140,472,100
1860,1326075892463.930680,499,140,472,100
1861,1326075892763.913100,504,140,472,100
1862,1326075893063.906740,508,140,473,100
1863,1326075893363.905440,509,140,473,100
1864,1326075893663.884400,501,140,474,100
1865,1326075893963.909940,497,140,474,100
1866,1326075894263.909420,494,140,474,100
1867,1326075894563.882160,493,140,474,100
1868,1326075894863.893040,495,140,474,100
1869,1326075895163.905060,500,140,474,100
1870,1326075895463.888760,505,140,475,100
1871,1326075895763.932140,508,140,475,100
1872,1326075896063.982820,509,140,475,100
1873,1326075896363.884720,504,140,475,100
1874,1326075896663.909000,499,140,475,100
1875,1326075896963.904860,497,140,475,100
1876,1326075897263.894680,496,140,475,100
1877,1326075897563.911840,495,140,475,100
1878,1326075897863.956600,494,140,476,100
1879,1326075898163.883360,495,140,476,100
1880,1326075898463.925380,497,140,476,100
1881,1326075898763.907340,501,140,476,100
1882,1326075899063.902220,505,140,477,100
1883,1326075899363.923720,508,140,477,100
1884,1326075899663.913580,505,140,478,100
1885,1326075899963.884800,500,140,478,100
1886,1326075900263.922560,496,140,478,100
1887,1326075900563.927060,494,140,478,100
1888,1326075900863.894000,492,140,479,100
1889,1326075901163.914600,493,140,479,100
1890,1326075901463.907480,498,140,479,100
1891,1326075901763.886380,503,140,479,100
1892,1326075902063.900860,508,140,480,100
1893,1326075902363.888100,509,140,480,100
1894,1326075902663.908340,501,140,480,100
1895,1326075902963.972340,496,140,480,100
1896,1326075903263.917360,492,140,480,100
1897,1326075903563.876000,490,140,481,100
1898,1326075903863.943260,493,140,481,100
1899,1326075904163.906000,497,140,481,100
1900,1326075904463.906600,503,140,481,100
1901,1326075904763.927640,509,140,481,100
1902,1326075905063.899560,509,140,481,100
1903,1326075905363.886800,500,140,481,100
1904,1326075905663.908200,494,140,481,100
1905,1326075905963.878620,491,140,481,100
1906,1326075906263.900940,489,140,481,100
1907,1326075906563.915840,493,140,481,100
1908,1326075906863.903220,498,140,481,100
1909,1326075907163.909540,503,140,481,100
1910,1326075907463.893260,509,140,482,100
1911,1326075907763.911840,510,140,482,100
1912,1326075908063.889840,503,140,482,100
1913,1326075908363.987800,497,140,482,100
1914,1326075908663.901840,493,140,482,100
1915,1326075908963.912500,490,140,482,100
1916,1326075909263.934700,490,140,483,100
1917,1326075909563.915060,494,140,483,100
1918,1326075909863.863180,501,140,483,100
1919,1326075910163.933020,507,140,483,100
1920,1326075910463.886900,511,140,484,100
1921,1326075910763.909980,507,140,484,100
1922,1326075911063.929120,501,140,484,100
1923,1326075911363.910980,497,140,485,100
1924,1326075911663.883120,495,140,485,100
1925,1326075911963.914440,494,140,485,100
1926,1326075912263.884260,495,140,485,100
1927,1326075912563.897300,500,140,485,100
1928,1326075912863.899640,505,140,485,100
1929,1326075913163.908520,510,140,485,100
1930,1326075913463.893640,508,140,485,100
1931,1326075913763.942400,501,140,485,100
1932,1326075914063.901840,497,140,485,100
1933,1326075914363.888520,494,140,485,100
1934,1326075914663.929640,493,140,485,100
1935,1326075914963.876300,496,140,485,100
1936,1326075915263.856440,501,140,485,100
1937,1326075915563.918960,505,140,485,100
1938,1326075915863.877540,506,140,485,100
1939,1326075916163.891480,500,140,485,100
1940,1326075916463.901280,496,140,485,100
1941,1326075916763.872880,493,140,485,100
1942,1326075917063.978460,490,140,486,100
1943,1326075917363.900100,488,140,486,100
1944,1326075917663.899660,490,140,486,100
1945,1326075917963.862520,493,140,486,100
1946,1326075918263.905240,498,140,486,100
1947,1326075918563.936480,502,140,486,100
1948,1326075918863.872700,502,140,486,100
1949,1326075919163.881000,498,140,486,100
1950,1326075919463.863980,497,140,486,100
1951,1326075919763.844540,497,140,487,100
1952,1326075920063.902860,500,140,487,100
1953,1326075920363.925180,503,140,488,100
1954,1326075920663.854080,505,140,488,100
1955,1326075920963.887820,504,140,488,100
1956,1326075921263.885440,500,140,488,100
1957,1326075921563.877960,497,140,488,100
1958,1326075921863.873900,494,140,488,100
1959,1326075922163.868260,494,140,489,100
1960,1326075922463.850400,494,140,489,100
1961,1326075922763.902100,496,140,489,100
1962,1326075923063.878400,500,140,489,100
1963,1326075923363.881360,504,140,489,100
1964,1326075923663.886580,508,140,489,100
1965,1326075923963.877040,508,140,489,100
1966,1326075924263.875580,503,140,489,100
1967,1326075924563.911640,499,140,489,100
1968,1326075924863.908480,497,140,489,100
1969,1326075925163.920240,495,140,490,100
1970,1326075925463.925120,494,140,490,100
1971,1326075925763.913440,494,140,490,100
1972,1326075926063.989960,496,140,490,100
1973,1326075926363.970420,499,140,490,100
1974,1326075926663.918860,502,140,490,100
1975,1326075926963.962660,504,140,490,100
1976,1326075927263.960000,503,140,490,100
1977,1326075927563.966800,499,140,490,100
1978,1326075927863.941900,495,140,490,100
1979,1326075928163.941200,494,140,490,100
1980,1326075928463.936520,495,140,490,100
1981,1326075928763.917960,495,140,490,100
1982,1326075929063.961560,495,140,490,100
1983,1326075929363.929740,497,140,490,100
1984,1326075929663.923860,501,140,490,100
1985,1326075929963.937220,505,140,490,100
1986,1326075930263.925900,507,140,490,100
1987,1326075930563.911400,502,140,490,100
1988,1326075930863.928360,500,140,491,100
1989,1326075931163.923540,498,140,491,100
1990,1326075931463.930840,497,140,491,100
1991,1326075931763.935180,496,140,491,100
1992,1326075932063.906180,496,140,491,100
1993,1326075932363.924600,497,140,491,100
1994,1326075932663.939420,498,140,491,100
1995,1326075932963.933740,502,140,491,100
1996,1326075933263.907700,505,140,491,100
1997,1326075933563.943640,508,140,491,100
1998,1326075933863.895180,511,140,491,100
1999,1326075934163.946780,509,140,491,100
2000,1326075934464.238700,503,140,491,100
2001,1326075934763.909660,501,140,491,100
2002,1326075935063.914500,500,140,491,100
2003,1326075935363.951020,500,140,492,100
2004,1326075935663.941400,500,140,492,100
2005,1326075935963.925920,501,140,492,100
2006,1326075936263.932740,502,140,492,100
2007,1326075936563.922600,504,140,492,100
2008,1326075936863.924660,505,140,492,100
2009,1326075937163.942880,506,140,492,100
2010,1326075937463.913940,508,140,492,100
2011,1326075937763.888920,510,140,492,100
2012,1326075938063.935000,506,140,492,100
2013,1326075938363.912360,501,140,492,100
2014,1326075938663.917020,498,140,492,100
2015,1326075938963.934880,495,140,492,100
2016,1326075939263.958480,493,140,492,100
2017,1326075939563.897400,492,140,493,100
2018,1326075939863.939860,495,140,493,100
2019,1326075940163.924400,499,140,493,100
2020,1326075940463.907280,504,140,493,100
2021,1326075940763.936500,508,140,493,100
2022,1326075941063.899940,506,140,492,100
2023,1326075941363.907120,501,140,492,100
2024,1326075941663.935660,497,140,492,100
2025,1326075941963.924360,495,140,492,100
2026,1326075942263.919060,493,140,492,100
2027,1326075942563.917600,493,140,492,100
2028,1326075942863.906100,498,140,492,100
2029,1326075943163.882840,505,140,492,100
2030,1326075943463.947020,510,140,492,100
2031,1326075943763.933080,510,140,492,100
2032,1326075944063.934500,505,140,491,100
2033,1326075944363.919580,502,140,491,100
2034,1326075944663.930900,500,140,492,100
2035,1326075944963.916900,497,140,492,100
2036,1326075945263.936180,495,140,492,100
2037,1326075945563.930640,494,140,492,100
2038,1326075945863.943340,495,140,492,100
2039,1326075946163.943660,498,140,492,100
2040,1326075946463.933860,500,140,492,100
2041,1326075946763.923300,502,140,492,100
2042,1326075947063.930620,506,140,492,100
2043,1326075947363.932720,510,140,492,100
2044,1326075947663.931520,510,140,492,100
2045,1326075947963.951940,505,140,492,100
2046,1326075948263.937520,500,140,491,100
2047,1326075948563.909180,496,140,491,100
2048,1326075948863.977460,493,140,491,100
2049,1326075949163.982620,492,140,491,100
2050,1326075949463.923480,494,140,491,100
2051,1326075949763.952720,500,140,491,100
2052,1326075950063.922720,505,140,491,100
2053,1326075950363.949500,509,140,491,100
2054,1326075950663.958080,507,140,491,100
2055,1326075950963.976500,499,140,491,100
2056,1326075951263.941740,494,140,492,100
2057,1326075951563.935180,493,140,492,100
2058,1326075951863.942340,494,140,492,100
2059,1326075952163.926460,498,140,492,100
2060,1326075952463.928620,502,140,492,100
2061,1326075952763.934600,506,140,492,100
2062,1326075953063.945700,509,140,492,100
2063,1326075953363.934000,506,140,492,100
2064,1326075953663.943380,500,140,492,100
2065,1326075953963.898320,496,140,492,100
2066,1326075954263.967980,494,140,492,100
2067,1326075954563.912860,494,140,492,100
2068,1326075954863.917420,497,140,492,100
2069,1326075955163.957100,502,140,492,100
2070,1326075955463.910920,507,140,492,100
2071,1326075955763.983200,510,140,492,100
2072,1326075956063.929780,505,140,492,100
2073,1326075956363.937060,500,140,492,100
2074,1326075956663.951220,497,140,492,100
2075,1326075956963.945440,495,140,492,100
2076,1326075957263.982640,492,140,492,100
2077,1326075957563.955140,492,140,492,100
2078,1326075957863.950000,493,140,492,100
2079,1326075958164.212040,497,140,492,100
2080,1326075958463.937520,500,140,492,100
2081,1326075958763.951180,504,140,491,100
2082,1326075959063.940420,509,140,491,100
2083,1326075959363.938540,508,140,492,100
2084,1326075959663.946060,501,140,492,100
2085,1326075959963.948800,497,140,492,100
2086,1326075960263.984760,494,140,492,100
2087,1326075960563.925200,494,140,492,100
2088,1326075960863.926780,494,140,492,100
2089,1326075961163.913300,494,140,492,100
2090,1326075961463.937380,497,140,492,100
2091,1326075961763.929800,501,140,492,100
2092,1326075962063.914420,506,140,492,100
2093,1326075962363.950780,509,140,492,100
2094,1326075962663.930620,506,140,492,100
2095,1326075962963.899040,503,140,493,100
2096,1326075963263.956000,500,140,493,100
2097,1326075963563.886980,499,140,493,100
2098,1326075963863.922260,498,140,493,100
2099,1326075964163.922120,497,140,493,100
2100,1326075964463.920400,496,140,493,100
2101,1326075964763.940740,498,140,493,100
2102,1326075965063.931020,502,140,493,100
2103,1326075965363.953080,506,140,493,100
2104,1326075965663.934200,509,140,493,100
2105,1326075965963.916100,509,140,493,100
2106,1326075966263.927060,505,140,493,100
2107,1326075966563.917640,503,140,493,100
2108,1326075966863.976940,500,140,493,100
2109,1326075967163.873960,496,140,493,100
2110,1326075967463.877960,496,140,493,100
2111,1326075967763.904240,498,140,493,100
2112,1326075968063.948980,502,140,493,100
2113,1326075968363.901100,506,140,493,100
2114,1326075968663.917400,511,140,493,100
2115,1326075968963.958620,513,140,493,100
2116,1326075969263.879840,506,140,493,100
2117,1326075969563.940720,499,140,493,100
2118,1326075969863.909880,494,140,493,100
2119,1326075970163.884080,490,140,493,100
2120,1326075970463.917800,489,140,493,100
2121,1326075970763.912320,492,140,493,100
2122,1326075971063.903900,496,140,493,100
2123,1326075971363.944460,501,140,493,100
2124,1326075971663.941920,505,140,493,100
2125,1326075971963.917760,508,140,492,100
2126,1326075972263.962780,505,140,492,100
2127,1326075972563.918080,499,140,492,100
2128,1326075972863.909360,495,140,492,100
2129,1326075973163.928060,493,140,492,100
2130,1326075973463.926360,493,140,492,100
2131,1326075973763.913620,496,140,492,100
2132,1326075974063.930060,500,140,492,100
2133,1326075974363.933700,505,140,492,100
2134,1326075974663.900680,509,140,492,100
2135,1326075974963.924320,509,140,493,100
2136,1326075975263.926020,503,140,493,100
2137,1326075975563.909860,499,140,493,100
2138,1326075975863.919700,496,140,493,100
2139,1326075976163.983540,495,140,493,100
2140,1326075976463.929060,496,140,493,100
2141,1326075976763.944620,500,140,493,100
2142,1326075977063.926300,504,140,493,100
2143,1326075977363.893060,509,140,493,100
2144,1326075977663.993000,509,140,493,100
2145,1326075977963.902880,504,140,493,100
2146,1326075978263.907240,500,140,493,100
2147,1326075978563.950420,497,140,493,100
2148,1326075978863.907380,496,140,493,100
2149,1326075979163.896080,494,140,493,100
2150,1326075979463.946340,496,140,493,100
2151,1326075979763.923980,499,140,493,100
2152,1326075980063.905380,504,140,493,100
2153,1326075980363.943420,508,140,493,100
2154,1326075980663.892260,506,140,493,100
2155,1326075980963.910860,501,140,493,100
2156,1326075981263.942740,495,140,493,100
2157,1326075981563.914640,493,140,493,100
2158,1326075981863.935220,492,140,493,100
2159,1326075982163.946960,493,140,493,100
2160,1326075982463.918240,494,140,493,100
2161,1326075982763.907500,497,140,493,100
2162,1326075983063.939020,501,140,493,100
2163,1326075983363.854380,504,140,493,100
2164,1326075983663.914540,507,140,493,100
2165,1326075983963.873780,505,140,493,100
2166,1326075984263.889160,501,140,493,100
2167,1326075984563.869000,500,140,493,100
2168,1326075984863.917840,498,140,493,100
2169,1326075985163.840560,497,140,493,100
2170,1326075985463.842380,496,140,493,100
2171,1326075985763.898740,497,140,493,100
2172,1326075986063.884380,499,140,493,100
2173,1326075986363.847840,502,140,493,100
2174,1326075986663.899420,505,140,493,100
2175,1326075986963.864760,508,140,493,100
2176,1326075987263.898740,507,140,493,100
2177,1326075987563.857520,500,140,493,100
2178,1326075987863.990500,496,140,493,100
2179,1326075988163.855160,494,140,493,100
2180,1326075988463.881340,492,140,493,100
2181,1326075988763.882500,494,140,493,100
2182,1326075989063.876600,497,140,493,100
2183,1326075989363.863560,500,140,493,100
2184,1326075989663.908820,503,140,493,100
2185,1326075989963.875520,506,140,493,100
2186,1326075990263.934060,506,140,493,100
2187,1326075990563.883180,502,140,493,100
2188,1326075990863.878240,500,140,493,100
2189,1326075991163.898480,499,140,493,100
2190,1326075991463.852500,498,140,493,100
2191,1326075991763.861300,497,140,493,100
2192,1326075992063.873760,497,140,493,100
2193,1326075992363.878380,496,140,493,100
2194,1326075992663.878160,497,140,493,100
2195,1326075992963.879040,499,140,493,100
2196,1326075993263.890740,502,140,493,100
2197,1326075993563.846680,505,140,493,100
2198,1326075993863.992460,509,140,493,100
2199,1326075994163.885620,509,140,493,100
2200,1326075994463.926140,500,140,493,100
2201,1326075994763.880580,494,140,493,100
2202,1326075995063.912020,494,140,493,100
2203,1326075995363.892060,495,140,493,100
2204,1326075995663.929060,497,140,493,100
2205,1326075995963.892500,498,140,493,100
2206,1326075996263.914900,501,140,493,100
2207,1326075996563.923100,504,140,493,100
2208,1326075996863.895360,508,140,493,100
2209,1326075997163.905920,510,140,493,100
2210,1326075997463.894400,504,140,493,100
2211,1326075997763.887300,501,140,493,100
2212,1326075998063.862680,499,140,493,100
2213,1326075998363.924000,498,140,493,100
2214,1326075998663.895480,497,140,493,100
2215,1326075998963.888880,496,140,493,100
2216,1326075999263.932760,501,140,493,100
2217,1326075999563.942820,507,140,493,100
2218,1326075999863.885300,511,140,493,100
2219,1326076000163.925580,511,140,493,100
2220,1326076000463.885220,506,140,493,100
2221,1326076000763.923880,502,140,493,100
2222,1326076001063.953820,498,140,494,100
2223,1326076001363.888460,496,140,494,100
2224,1326076001663.904900,494,140,494,100
2225,1326076001963.925500,494,140,494,100
2226,1326076002263.925640,498,140,494,100
2227,1326076002563.912880,501,140,494,100
2228,1326076002863.961520,504,140,494,100
2229,1326076003163.919520,506,140,494,100
2230,1326076003463.928120,504,140,494,100
2231,1326076003763.943260,500,140,494,100
2232,1326076004063.902420,499,140,494,100
2233,1326076004363.917220,498,140,494,100
2234,1326076004663.953820,497,140,494,100
2235,1326076004963.906420,496,140,494,100
2236,1326076005263.906000,497,140,494,100
2237,1326076005563.929260,499,140,494,100
2238,1326076005863.967600,501,140,494,100
2239,1326076006163.888100,504,140,494,100
2240,1326076006463.950580,507,140,494,100
2241,1326076006763.879660,509,140,494,100
2242,1326076007063.967880,505,140,494,100
2243,1326076007363.930960,499,140,494,100
2244,1326076007663.939820,496,140,495,100
2245,1326076007963.878540,494,140,495,100
2246,1326076008263.916040,493,140,495,100
2247,1326076008563.902900,494,140,495,100
2248,1326076008863.933300,497,140,495,100
2249,1326076009163.934880,501,140,494,100
2250,1326076009463.927560,505,140,494,100
2251,1326076009763.902820,509,140,494,100
2252,1326076010063.944300,507,140,494,100
2253,1326076010363.918440,503,140,494,100
2254,1326076010663.983020,500,140,495,100
2255,1326076010963.923940,498,140,495,100
2256,1326076011263.940640,497,140,495,100
2257,1326076011563.931860,497,140,495,100
2258,1326076011863.965500,496,140,495,100
2259,1326076012163.918940,496,140,495,100
2260,1326076012463.892580,497,140,495,100
2261,1326076012763.947340,499,140,495,100
2262,1326076013063.912420,502,140,495,100
2263,1326076013363.903600,505,140,495,100
2264,1326076013663.914620,506,140,495,100
2265,1326076013963.924340,503,140,495,100
2266,1326076014263.906680,499,140,495,100
2267,1326076014563.955160,498,140,495,100
2268,1326076014863.922640,497,140,494,100
2269,1326076015163.921740,496,140,494,100
2270,1326076015463.956720,497,140,494,100
2271,1326076015763.905940,500,140,494,100
2272,1326076016063.929240,503,140,494,100
2273,1326076016363.942240,506,140,494,100
2274,1326076016663.900160,508,140,494,100
2275,1326076016963.979660,505,140,494,100
2276,1326076017263.949080,503,140,494,100
2277,1326076017563.887420,501,140,494,100
2278,1326076017863.965760,500,140,494,100
2279,1326076018163.944480,499,140,494,100
2280,1326076018463.953780,498,140,494,100
2281,1326076018763.908000,498,140,493,100
2282,1326076019063.950720,497,140,493,100
2283,1326076019363.918140,497,140,493,100
2284,1326076019663.912560,497,140,493,100
2285,1326076019963.973860,497,140,493,100
2286,1326076020263.902660,498,140,493,100
2287,1326076020563.928720,501,140,493,100
2288,1326076020863.916380,504,140,493,100
2289,1326076021163.928760,507,140,493,100
2290,1326076021463.934780,507,140,493,100
2291,1326076021763.932260,502,140,493,100
2292,1326076022063.915500,496,140,493,100
2293,1326076022364.219720,494,140,493,100
2294,1326076022663.932720,492,140,493,100
2295,1326076022963.937600,493,140,493,100
2296,1326076023263.949460,495,140,493,100
2297,1326076023563.969640,499,140,493,100
2298,1326076023863.933760,503,140,493,100
2299,1326076024163.919300,507,140,493,100
2300,1326076024463.931160,506,140,493,100
2301,1326076024763.918580,501,140,493,100
2302,1326076025063.925100,498,140,493,100
2303,1326076025364.253900,496,140,493,100
2304,1326076025663.939000,494,140,493,100
2305,1326076025963.993780,495,140,493,100
2306,1326076026263.937900,496,140,493,100
2307,1326076026563.948300,499,140,493,100
2308,1326076026863.925280,502,140,493,100
2309,1326076027163.950560,506,140,493,100
2310,1326076027463.941480,507,140,493,100
2311,1326076027763.938100,505,140,493,100
2312,1326076028063.954880,503,140,493,100
2313,1326076028363.917960,502,140,494,100
2314,1326076028663.917620,502,140,494,100
2315,1326076028963.954820,502,140,494,100
2316,1326076029263.930160,501,140,494,100
2317,1326076029563.913700,501,140,494,100
2318,1326076029863.937480,498,140,494,100
2319,1326076030163.934300,493,140,494,100
2320,1326076030463.910880,499,140,494,100
2321,1326076030763.947120,502,140,495,100
2322,1326076031063.907820,502,140,495,100
2323,1326076031363.910660,503,140,495,100
2324,1326076031663.947940,503,140,495,100
2325,1326076031963.896660,504,140,495,100
2326,1326076032263.928960,506,140,495,100
2327,1326076032563.917740,503,140,495,100
2328,1326076032863.995080,498,140,495,100
2329,1326076033163.923180,495,140,495,100
2330,1326076033463.945600,493,140,495,100
2331,1326076033763.899640,495,140,495,100
2332,1326076034063.919580,496,140,494,100
2333,1326076034363.922120,498,140,494,100
2334,1326076034663.913800,500,140,494,100
2335,1326076034963.906920,504,140,494,100
