2580;1332300198063.245960;20.5;20;8.07395362854004;8.18000030517578;40
2581;1332300198362.941700;20.5;20;8.00994682312012;8.14999961853027;40
2582;1332300198663.273940;20.5;20;8.12869167327881;8.11999988555908;40
2583;1332300198963.261780;20.5;20;8.15413379669189;8.11999988555908;40
2584;1332300199263.257920;20.5;30;7.8914361000061;8.14000034332275;40
2585;1332300199562.897380;20.5;30;7.87427473068237;8.14999961853027;40
2586;1332300199863.255280;20.3999996185303;30;7.60068321228027;8.17000007629395;40
2587;1332300200162.919640;20.3999996185303;30;7.66826438903809;8.18000030517578;40
2588;1332300200463.255760;20.3999996185303;30;7.70502281188965;8.14000034332275;40
2589;1332300200762.927740;20.3999996185303;30;7.69989204406738;8.06999969482422;40
2590;1332300201063.239300;20.3999996185303;30;7.67113828659058;7.98999977111816;40
2591;1332300201362.940680;20.3999996185303;30;7.65234231948853;7.92999982833862;40
2592;1332300201663.251520;20.3999996185303;30;7.61126852035522;7.90000009536743;40
2593;1332300201962.949400;20.3999996185303;30;7.58990573883057;7.88000011444092;40
2594;1332300202262.948120;20.3999996185303;30;7.54652070999146;7.86999988555908;40
2595;1332300202562.929120;20.3999996185303;30;7.52467107772827;7.84999990463257;40
2596;1332300202862.954200;20.3999996185303;30;7.48085355758667;7.82999992370605;40
2597;1332300203162.907100;20.3999996185303;30;7.45891284942627;7.78999996185303;40
2598;1332300203463.238960;20.3999996185303;30;7.41500806808472;7.73999977111816;40
2599;1332300203762.920760;20.3999996185303;30;7.39305639266968;7.69000005722046;40
2600;1332300204062.938100;20.3999996185303;30;7.34913969039917;7.65999984741211;40
2601;1332300204362.921040;20.3999996185303;30;7.32717943191528;7.6399998664856;40
2602;1332300204662.952140;20.3999996185303;30;7.28325891494751;7.61999988555908;40
2603;1332300204962.914200;20.3999996185303;30;7.26129913330078;7.59000015258789;40
2604;1332300205262.946260;20.5;30;7.33450174331665;7.55999994277954;40
2605;1332300205562.905720;20.5;30;7.38542890548706;7.51000022888184;40
2606;1332300205863.237840;20.5;30;7.23227214813232;7.46999979019165;40
2607;1332300206162.940100;20.6000003814697;30;7.42189931869507;7.44000005722046;40
2608;1332300206463.240740;20.6000003814697;30;7.21878671646118;7.42999982833862;40
2609;1332300206762.913720;20.6000003814697;30;7.16387748718262;7.44000005722046;40
2610;1332300207063.238520;20.6000003814697;30;7.09077739715576;7.44999980926514;40
2611;1332300207362.914260;20.7000007629395;30;7.29724073410034;7.44999980926514;40
2612;1332300207662.949100;20.7000007629395;30;7.10954666137695;7.42000007629395;40
2613;1332300207963.226400;20.7000007629395;30;7.05799150466919;7.40000009536743;40
2614;1332300208263.233080;20.7000007629395;30;6.98816347122192;7.38000011444092;40
2615;1332300208563.218600;20.7000007629395;30;6.96119928359985;7.32999992370605;40
2616;1332300208863.262640;20.7000007629395;30;6.91351890563965;7.26999998092651;40
2617;1332300209163.229540;20.7000007629395;30;6.89117622375488;7.19999980926514;40
2618;1332300209463.252040;20.7000007629395;30;6.84766626358032;7.15000009536743;40
2619;1332300209763.239420;20.6000003814697;30;6.70907068252563;7.09999990463257;40
2620;1332300210063.217680;20.6000003814697;30;6.66296243667603;7.05999994277954;40
2621;1332300210363.223700;20.6000003814697;30;6.68137550354004;7.03999996185303;40
2622;1332300210663.253880;20.5;30;6.48431587219238;7;40
2623;1332300210962.945100;20.5;30;6.53983068466187;6.92999982833862;40
2624;1332300211263.245480;20.5;30;6.56596660614014;6.80999994277954;40
2625;1332300211563.245640;20.5;30;6.55875253677368;6.71000003814697;40
2626;1332300211863.246760;20.6000003814697;30;6.64549207687378;6.65999984741211;40
2627;1332300212163.224280;20.6000003814697;30;6.6993842124939;6.6399998664856;40
2628;1332300212463.357340;20.6000003814697;30;6.54914045333862;6.6399998664856;40
2629;1332300212763.218560;20.6000003814697;30;6.50526428222656;6.67999982833862;40
2630;1332300213063.216940;20.6000003814697;30;6.44210290908813;6.69999980926514;40
2631;1332300213363.322420;20.7000007629395;30;6.41639471054077;6.71999979019165;40
2632;1332300213663.266620;20.7000007629395;30;6.51538515090942;6.71999979019165;40
2633;1332300213962.935100;20.7000007629395;30;6.44251728057861;6.73000001907349;40
2634;1332300214263.280560;20.7000007629395;30;6.35348844528198;6.73000001907349;40
2635;1332300214562.954100;20.7999992370605;30;6.43963575363159;6.73999977111816;40
2636;1332300214863.285460;20.7999992370605;30;6.39172554016113;6.75;40
2637;1332300215163.231020;20.7999992370605;30;6.32890701293945;6.71000003814697;40
2638;1332300215463.246700;20.8999996185303;30;6.48342418670654;6.67000007629395;40
2639;1332300215763.206160;20.8999996185303;30;6.36606931686401;6.57000017166138;40
2640;1332300216063.235280;20.8999996185303;30;6.23745775222778;6.46999979019165;40
2641;1332300216362.938840;20.8999996185303;30;6.19849681854248;6.40000009536743;40
2642;1332300216663.268540;21;30;6.33052730560303;6.3600001335144;40
2643;1332300216963.218720;21;30;6.2367844581604;6.34999990463257;40
2644;1332300217263.230900;21;30;6.12970066070557;6.34999990463257;40
2645;1332300217563.255380;21;30;6.09535980224609;6.36999988555908;40
2646;1332300217863.290340;21.1000003814697;30;6.15891695022583;6.38000011444092;40
2647;1332300218163.225800;21.1000003814697;30;6.2086386680603;6.38000011444092;40
2648;1332300218463.218240;21.1000003814697;30;6.05589485168457;6.36999988555908;40
2649;1332300218763.256880;21.2000007629395;30;6.01216840744019;6.34999990463257;40
2650;1332300219063.238480;21.2000007629395;30;6.09617757797241;6.32999992370605;40
2651;1332300219362.942200;21.2000007629395;30;6.02084970474243;6.28999996185303;40
2652;1332300219663.284280;21.1000003814697;30;5.8137412071228;6.26999998092651;40
2653;1332300219963.230420;21.1000003814697;30;5.71034145355225;6.26999998092651;40
2654;1332300220263.236640;21.1000003814697;30;5.76997518539429;6.26000022888184;40
2655;1332300220563.239080;21.1000003814697;30;5.77055215835571;6.05000019073486;40
2656;1332300220863.227240;21.1000003814697;30;5.74869537353516;5.88000011444092;40
2657;1332300221162.949000;21.2000007629395;30;5.73226928710938;5.80999994277954;40
2658;1332300221463.231820;21.2000007629395;30;5.84088039398193;5.80000019073486;40
2659;1332300221762.938540;21.2000007629395;30;5.77068901062012;5.84000015258789;40
2660;1332300222063.241340;21.2000007629395;30;5.68532562255859;5.90000009536743;40
2661;1332300222363.238540;21.2000007629395;30;5.65578651428223;5.94999980926514;40
2662;1332300222663.268620;21.2000007629395;30;5.60704803466797;5.98000001907349;40
2663;1332300222963.222540;21.2000007629395;30;5.58514785766602;5.96999979019165;40
2664;1332300223263.258440;21.2000007629395;30;5.54329109191895;5.94000005722046;40
2665;1332300223563.235480;21.2999992370605;30;5.75707101821899;5.88000011444092;40
2666;1332300223863.256340;21.2999992370605;30;5.57747936248779;5.82000017166138;40
2667;1332300224163.249100;21.3999996185303;30;5.52841711044312;5.76999998092651;40
2668;1332300224463.231140;21.3999996185303;30;5.60812187194824;5.75;40
2669;1332300224762.949380;21.5;30;5.64929056167603;5.73999977111816;40
2670;1332300225063.336460;21.5;30;5.56260824203491;5.75;40
2671;1332300225363.225260;21.5;30;5.49263525009155;5.75;40
2672;1332300225663.259440;21.5;30;5.4082202911377;5.75;40
2673;1332300225963.246660;21.6000003814697;30;5.6135196685791;5.76000022888184;40
2674;1332300226263.265620;21.6000003814697;30;5.42704391479492;5.76000022888184;40
2675;1332300226563.248220;21.6000003814697;30;5.3769416809082;5.76000022888184;40
2676;1332300226863.271020;21.6000003814697;30;5.31068515777588;5.76000022888184;40
2677;1332300227163.230200;21.6000003814697;30;5.28566455841064;5.73000001907349;40
2678;1332300227463.362740;21.6000003814697;30;5.24200296401978;5.61999988555908;40
2679;1332300227763.249880;21.6000003814697;30;5.22169923782349;5.53999996185303;40
2680;1332300228063.232900;21.6000003814697;30;5.18228244781494;5.5;40
2681;1332300228362.942420;21.6000003814697;30;5.16286516189575;5.44999980926514;40
2682;1332300228663.271840;21.6000003814697;30;5.12424898147583;5.40000009536743;40
2683;1332300228962.936380;21.7000007629395;30;5.10499429702759;5.3600001335144;40
2684;1332300229263.260660;21.7000007629395;30;5.21231365203857;5.34000015258789;40
2685;1332300229563.247720;21.7000007629395;30;5.14251756668091;5.34000015258789;40
2686;1332300229863.241580;21.7999992370605;30;5.2930064201355;5.34999990463257;40
2687;1332300230163.228380;21.7999992370605;30;5.17601108551025;5.3600001335144;40
2688;1332300230463.268640;21.8999996185303;30;5.24000644683838;5.3600001335144;40
2689;1332300230763.223800;21.8999996185303;30;5.13326644897461;5.3600001335144;40
2690;1332300231063.391680;22;30;5.13386106491089;5.38000011444092;40
2691;1332300231363.324160;22;30;5.17163848876953;5.3899998664856;40
2692;1332300231663.291240;22;30;5.01040363311768;5.36999988555908;40
2693;1332300231963.226320;22;30;4.96610260009766;5.34000015258789;40
2694;1332300232263.274380;22.1000003814697;30;5.09609413146973;5.26999998092651;40
2695;1332300232562.949800;22.1000003814697;30;5.0033860206604;5.23000001907349;40
2696;1332300232863.220760;22.2000007629395;30;5.01712799072266;5.19000005722046;40
2697;1332300233163.294260;22.2000007629395;30;5.05791664123535;5.15999984741211;40
2698;1332300233463.263300;22.2000007629395;30;4.89989757537842;5.1399998664856;40
2699;1332300233763.195960;22.2999992370605;30;4.97365283966064;5.13000011444092;40
2700;1332300234063.258000;22.2999992370605;30;4.91834926605225;5.1399998664856;40
2701;1332300234363.223040;22.2999992370605;30;4.85598468780518;5.1399998664856;40
2702;1332300234663.283600;22.3999996185303;30;4.97045946121216;5.1399998664856;40
2703;1332300234963.203080;22.5;30;4.87491321563721;5.11999988555908;40
2704;1332300235263.253360;22.5;30;4.91551351547241;5.09999990463257;40
2705;1332300235563.217240;22.6000003814697;30;4.83286809921265;5.09000015258789;40
2706;1332300235863.299580;22.6000003814697;30;4.88533020019531;5.07999992370605;40
2707;1332300236163.199340;22.6000003814697;30;4.80529308319092;5.07999992370605;40
2708;1332300236463.234320;22.6000003814697;30;4.71457386016846;5.09000015258789;40
2709;1332300236763.197540;22.7000007629395;30;4.92002487182617;5.09000015258789;40
2710;1332300237063.221000;22.7000007629395;30;4.73645162582397;5.07000017166138;40
2711;1332300237363.215060;22.7000007629395;30;4.68842220306396;5.03999996185303;40
2712;1332300237663.259160;22.7000007629395;30;4.62679386138916;4.96999979019165;40
2713;1332300237963.211260;22.7000007629395;30;4.60420656204224;4.8899998664856;40
2714;1332300238263.260900;22.7999992370605;30;4.7997407913208;4.82999992370605;40
2715;1332300238563.183400;22.7999992370605;30;4.69348001480103;4.76999998092651;40
2716;1332300238863.212240;22.7999992370605;30;4.5796422958374;4.71999979019165;40
2717;1332300239163.318820;22.7999992370605;30;4.54629135131836;4.73999977111816;40
2718;1332300239463.335700;22.8999996185303;30;4.61526823043823;4.76000022888184;40
2719;1332300239763.196300;22.8999996185303;30;4.66851663589478;4.76999998092651;40
2720;1332300240063.202320;22.8999996185303;30;4.52348136901855;4.76000022888184;40
2721;1332300240363.183100;22.8999996185303;30;4.48375797271729;4.75;40
2722;1332300240663.208400;23;30;4.66436052322388;4.76999998092651;40
2723;1332300240963.207880;23;30;4.55524635314941;4.78999996185303;40
2724;1332300241263.273820;23.1000003814697;30;4.67358541488647;4.75;40
2725;1332300241563.249980;23.1000003814697;30;4.55161619186401;4.69999980926514;40
2726;1332300241863.223100;23.1000003814697;30;4.42437648773193;4.67000007629395;40
2727;1332300242163.241120;23.2000007629395;30;4.38863563537598;4.67000007629395;40
2728;1332300242463.254560;23.2000007629395;30;4.48487043380737;4.67999982833862;40
2729;1332300242763.260920;23.2000007629395;30;4.41476011276245;4.69000005722046;40
2730;1332300243063.226340;23.2000007629395;30;4.3344988822937;4.67999982833862;40
2731;1332300243363.240920;23.2999992370605;30;4.54293012619019;4.6399998664856;40
2732;1332300243663.289140;23.2999992370605;30;4.36355113983154;4.57999992370605;40
2733;1332300243963.252980;23.3999996185303;30;4.43431425094604;4.48999977111816;40
2734;1332300244263.263100;23.3999996185303;30;4.3790864944458;4.44000005722046;40
2735;1332300244562.941520;23.3999996185303;30;4.31820440292358;4.42999982833862;40
2736;1332300244863.277880;23.5;30;4.43677234649658;4.44000005722046;40
2737;1332300245163.231120;23.5;30;4.34355688095093;4.44000005722046;40
2738;1332300245463.233240;23.6000003814697;30;4.36034488677979;4.44999980926514;40
2739;1332300245763.204040;23.6000003814697;30;4.40364456176758;4.44999980926514;40
2740;1332300246063.253480;23.6000003814697;30;4.2514009475708;4.44999980926514;40
2741;1332300246363.202480;23.7000007629395;30;4.21110820770264;4.46000003814697;40
2742;1332300246663.260100;23.7000007629395;30;4.3044958114624;4.46999979019165;40
2743;1332300246963.206360;23.7000007629395;30;4.23446369171143;4.48000001907349;40
2744;1332300247263.237380;23.7000007629395;30;4.15552425384521;4.46999979019165;40
2745;1332300247563.222800;23.7000007629395;30;4.1306586265564;4.44999980926514;40
2746;1332300247863.259060;23.7999992370605;30;4.20953416824341;4.40999984741211;40
2747;1332300248163.204360;23.7999992370605;30;4.26604557037354;4.36999988555908;40
2748;1332300248463.240720;23.8999996185303;30;4.24333572387695;4.34000015258789;40
2749;1332300248763.209440;23.8999996185303;30;4.27879524230957;4.30999994277954;40
2750;1332300249063.274620;23.8999996185303;30;4.12024259567261;4.28999996185303;40
2751;1332300249363.204320;23.8999996185303;30;4.07902860641479;4.30999994277954;40
2752;1332300249663.224480;23.8999996185303;30;4.02656507492065;4.32999992370605;40
2753;1332300249963.210100;24;30;4.00748777389526;4.30999994277954;40
2754;1332300250263.305440;24;30;4.1207480430603;4.30999994277954;40
2755;1332300250563.218160;24.1000003814697;30;4.05525875091553;4.32000017166138;40
2756;1332300250863.240880;24.1000003814697;30;4.12695455551147;4.32000017166138;40
2757;1332300251163.252660;24.1000003814697;30;4.05292701721191;4.32999992370605;40
2758;1332300251463.270140;24.2000007629395;30;4.20563697814941;4.32000017166138;40
2759;1332300251763.264940;24.2000007629395;30;4.09230613708496;4.28999996185303;40
2760;1332300252063.267640;24.2000007629395;30;3.97561597824097;4.21999979019165;40
2761;1332300252363.223100;24.2999992370605;30;3.94353842735291;4.17000007629395;40
2762;1332300252663.241340;24.2999992370605;30;4.04583978652954;4.1399998664856;40
2763;1332300252963.236560;24.2999992370605;30;3.97846722602844;4.07999992370605;40
2764;1332300253263.220180;24.3999996185303;30;4.09344720840454;4.05999994277954;40
2765;1332300253563.226660;24.3999996185303;30;4.00067853927612;4.07999992370605;40
2766;1332300253863.260300;24.3999996185303;30;3.90301990509033;4.09999990463257;40
2767;1332300254163.214480;24.5;30;4.10942077636719;4.09000015258789;40
2768;1332300254463.227700;24.5;30;3.93123126029968;4.07999992370605;40
2769;1332300254763.252120;24.5;30;3.88672113418579;4.09000015258789;40
2770;1332300255063.272040;24.6000003814697;30;4.06704044342041;4.1100001335144;40
2771;1332300255363.206780;24.6000003814697;30;3.95999836921692;4.09999990463257;40
2772;1332300255663.257260;24.6000003814697;30;3.84998083114624;4.05999994277954;40
2773;1332300255963.220520;24.7000007629395;30;3.93695616722107;4.05999994277954;40
2774;1332300256263.248180;24.7000007629395;30;3.89959049224854;4.05000019073486;40
2775;1332300256563.248660;24.7999992370605;30;3.96128821372986;4.03000020980835;40
2776;1332300256863.238020;24.7999992370605;30;3.90140891075134;4.01999998092651;40
2777;1332300257163.235180;24.7999992370605;30;3.84142470359802;4.03000020980835;40
2778;1332300257463.274580;24.7999992370605;30;3.77430510520935;4.09000015258789;40
2779;1332300257763.222300;24.7999992370605;30;3.75337338447571;4.09999990463257;40
2780;1332300258063.268820;24.8999996185303;30;3.91145181655884;3.95000004768372;40
2781;1332300258363.275900;24.8999996185303;30;3.82834482192993;3.83999991416931;40
2782;1332300258663.332160;25;30;3.93065428733826;3.82999992370605;40
2783;1332300258963.207700;25;30;3.83604645729065;3.85999989509583;40
2784;1332300259263.288480;25;30;3.73823404312134;3.86999988555908;40
2785;1332300259563.218320;25;30;3.71116256713867;3.86999988555908;40
2786;1332300259863.226120;25;30;3.67420196533203;3.84999990463257;40
2787;1332300260163.223520;25;30;3.65982627868652;3.85999989509583;40
2788;1332300260463.289000;25.1000003814697;30;3.82431983947754;3.88000011444092;40
2789;1332300260763.209860;25.1000003814697;30;3.74281072616577;3.86999988555908;40
2790;1332300261063.255500;25.1000003814697;30;3.65705823898315;3.85999989509583;40
2791;1332300261363.211940;25.1000003814697;30;3.63263893127441;3.83999991416931;40
2792;1332300261663.257860;25.1000003814697;30;3.59831404685974;3.83999991416931;40
2793;1332300261963.231000;25.1000003814697;30;3.58462190628052;3.84999990463257;40
2794;1332300262263.251540;25.2000007629395;30;3.74998140335083;3.83999991416931;40
2795;1332300262563.240420;25.2000007629395;30;3.66878819465637;3.8199999332428;40
2796;1332300262863.285520;25.2999992370605;30;3.70069146156311;3.78999996185303;40
2797;1332300263163.222240;25.2999992370605;30;3.74940371513367;3.76999998092651;40
2798;1332300263463.236960;25.3999996185303;30;3.84055876731873;3.76999998092651;40
2799;1332300263763.232160;25.5;30;3.83311033248901;3.76999998092651;40
2800;1332300264063.228260;25.5;30;3.71267890930176;3.75999999046326;40
2801;1332300264363.228840;25.6000003814697;30;3.87524151802063;3.75;40
2802;1332300264663.252460;25.7000007629395;30;3.8503258228302;3.74000000953674;40
2803;1332300264963.217640;25.7999992370605;30;3.96434140205383;3.75999999046326;40
2804;1332300265263.247100;25.8999996185303;30;3.82330846786499;3.76999998092651;40
2805;1332300265563.257160;25.8999996185303;30;3.83674883842468;3.78999996185303;40
2806;1332300265863.268900;26;30;3.85339450836182;3.78999996185303;40
2807;1332300266163.267740;26;30;3.74224519729614;3.80999994277954;40
2808;1332300266463.317340;26.1000003814697;30;3.82206153869629;3.82999992370605;40
2809;1332300266763.240520;26.1000003814697;30;3.72422409057617;3.83999991416931;40
2810;1332300267063.259220;26.2000007629395;30;3.86051154136658;3.83999991416931;40
2811;1332300267363.236840;26.2000007629395;30;3.74641823768616;3.82999992370605;40
2812;1332300267663.226740;26.2000007629395;30;3.63407444953918;3.8199999332428;40
2813;1332300267963.220260;26.2000007629395;30;3.6055703163147;3.80999994277954;40
2814;1332300268263.285560;26.2000007629395;30;3.57033395767212;3.80999994277954;40
2815;1332300268563.223320;26.2000007629395;30;3.55791902542114;3.78999996185303;40
2816;1332300268863.273520;26.2999992370605;30;3.65429902076721;3.75999999046326;40
2817;1332300269163.225080;26.2999992370605;30;3.71779632568359;3.72000002861023;40
2818;1332300269463.256780;26.2999992370605;30;3.5905454158783;3.69000005722046;40
2819;1332300269763.219060;26.2999992370605;30;3.55906248092651;3.6800000667572;40
2820;1332300270063.268100;26.3999996185303;30;3.63851594924927;3.67000007629395;40
2821;1332300270363.260600;26.3999996185303;30;3.69862294197083;3.67000007629395;40
2822;1332300270663.229620;26.3999996185303;30;3.56855869293213;3.67000007629395;40
2823;1332300270963.217060;26.3999996185303;30;3.53662347793579;3.6800000667572;40
2824;1332300271263.260940;26.5;30;3.73304843902588;3.69000005722046;40
2825;1332300271563.248220;26.5;30;3.63189721107483;3.70000004768372;40
2826;1332300271863.269220;26.6000003814697;30;3.72198438644409;3.70000004768372;40
2827;1332300272163.254680;26.6000003814697;30;3.6269543170929;3.71000003814697;40
2828;1332300272463.247260;26.6000003814697;30;3.53278708457947;3.72000002861023;40
2829;1332300272763.236740;26.6000003814697;30;3.50861144065857;3.72000002861023;40
2830;1332300273063.248140;26.6000003814697;30;3.47827792167664;3.71000003814697;40
2831;1332300273363.253760;26.7000007629395;30;3.70166230201721;3.69000005722046;40
2832;1332300273663.268100;26.7000007629395;30;3.54429697990417;3.67000007629395;40
2833;1332300273963.225300;26.7000007629395;30;3.5070686340332;3.66000008583069;40
2834;1332300274263.240720;26.7999992370605;30;3.65523958206177;3.65000009536743;40
2835;1332300274562.905940;26.7999992370605;30;3.57259798049927;3.64000010490417;40
2836;1332300274863.249860;26.7999992370605;30;3.49009680747986;3.64000010490417;40
2837;1332300275163.241640;26.7999992370605;30;3.46861624717712;3.61999988555908;40
2838;1332300275463.243500;26.7999992370605;30;3.44122123718262;3.59999990463257;40
2839;1332300275763.284260;26.7999992370605;30;3.43123984336853;3.60999989509583;40
2840;1332300276063.256360;26.8999996185303;30;3.53132343292236;3.61999988555908;40
2841;1332300276363.245140;26.8999996185303;30;3.59639549255371;3.61999988555908;40
2842;1332300276663.252800;26.8999996185303;30;3.47206783294678;3.60999989509583;40
2843;1332300276962.937400;26.8999996185303;30;3.44199705123901;3.60999989509583;40
2844;1332300277263.231260;26.8999996185303;30;3.40710806846619;3.59999990463257;40
2845;1332300277563.213740;26.8999996185303;30;3.39570021629333;3.58999991416931;40
2846;1332300277863.239660;27;30;3.56763958930969;3.55999994277954;40
2847;1332300278163.245500;27.1000003814697;30;3.49021935462952;3.51999998092651;40
2848;1332300278463.239280;27.2000007629395;30;3.79295420646667;3.48000001907349;40
2849;1332300278763.231800;27.2999992370605;30;3.75091505050659;3.47000002861023;40
2850;1332300279063.283820;27.3999996185303;30;3.83810257911682;3.49000000953674;40
2851;1332300279362.951300;27.5;30;3.79193139076233;3.53999996185303;40
2852;1332300279663.235480;27.5;30;3.64164113998413;3.5699999332428;40
2853;1332300279963.234700;27.6000003814697;30;3.80064105987549;3.59999990463257;40
2854;1332300280263.242800;27.6000003814697;30;3.58752727508545;3.61999988555908;40
2855;1332300280562.943640;27.6000003814697;30;3.53986835479736;3.63000011444092;40
2856;1332300280863.264260;27.7000007629395;30;3.7251398563385;3.64000010490417;40
2857;1332300281162.943080;27.7000007629395;30;3.62326455116272;3.64000010490417;40
2858;1332300281463.229920;27.7000007629395;30;3.52569913864136;3.64000010490417;40
2859;1332300281763.226160;27.7999992370605;30;3.50227785110474;3.63000011444092;40
2860;1332300282063.270700;27.7999992370605;30;3.62117385864258;3.61999988555908;40
2861;1332300282362.952900;27.7999992370605;30;3.56192636489868;3.61999988555908;40
2862;1332300282663.245300;27.7999992370605;30;3.50301551818848;3.61999988555908;40
2863;1332300282962.939620;27.7999992370605;30;3.4877941608429;3.60999989509583;40
2864;1332300283263.210820;27.7999992370605;30;3.46854591369629;3.60999989509583;40
2865;1332300283563.228100;27.8999996185303;30;3.69583988189697;3.60999989509583;40
2866;1332300283863.241380;27.8999996185303;30;3.54502177238464;3.59999990463257;40
2867;1332300284162.951480;27.8999996185303;30;3.51075649261475;3.58999991416931;40
2868;1332300284463.266580;27.8999996185303;30;3.47460174560547;3.57999992370605;40
2869;1332300284762.928420;27.8999996185303;30;3.46426200866699;3.57999992370605;40
2870;1332300285063.256560;27.8999996185303;30;3.44966864585876;3.57999992370605;40
2871;1332300285363.232460;27.8999996185303;30;3.44381928443909;3.58999991416931;40
2872;1332300285662.953840;27.8999996185303;30;3.43327713012695;3.57999992370605;40
2873;1332300285962.922540;27.8999996185303;30;3.42827558517456;3.57999992370605;40
2874;1332300286263.324120;28;30;3.65273666381836;3.5699999332428;40
2875;1332300286562.906300;28.1000003814697;30;3.55943584442139;3.5699999332428;40
2876;1332300286862.924160;28.1000003814697;30;3.6161367893219;3.55999994277954;40
2877;1332300287163.251560;28.2000007629395;30;3.77855229377747;3.55999994277954;40
2878;1332300287463.240220;28.2999992370605;30;3.80427145957947;3.55999994277954;40
2879;1332300287762.907460;28.2999992370605;30;3.6699116230011;3.55999994277954;40
2880;1332300288063.242220;28.3999996185303;30;3.73460245132446;3.55999994277954;40
2881;1332300288362.911400;28.3999996185303;30;3.63667273521423;3.5699999332428;40
2882;1332300288663.220020;28.5;30;3.73443460464478;3.57999992370605;40
2883;1332300288962.954200;28.5;30;3.64353680610657;3.57999992370605;40
2884;1332300289263.241140;28.5;30;3.5578761100769;3.59999990463257;40
2885;1332300289562.931620;28.5;30;3.53800320625305;3.60999989509583;40
2886;1332300289862.946960;28.6000003814697;30;3.63345003128052;3.59999990463257;40
2887;1332300290162.919720;28.6000003814697;30;3.69982481002808;3.59999990463257;40
2888;1332300290462.945680;28.6000003814697;30;3.58093476295471;3.60999989509583;40
2889;1332300290762.929820;28.7000007629395;30;3.55426979064941;3.61999988555908;40
2890;1332300291063.267540;28.7000007629395;30;3.67250418663025;3.61999988555908;40
2891;1332300291363.262380;28.7999992370605;30;3.84855604171753;3.60999989509583;40
2892;1332300291663.235440;28.7999992370605;30;3.65383386611938;3.61999988555908;40
2893;1332300291962.938640;28.7999992370605;30;3.61161231994629;3.63000011444092;40
2894;1332300292263.222800;28.7999992370605;30;3.57055425643921;3.64000010490417;40
2895;1332300292563.254320;28.8999996185303;30;3.79463148117065;3.65000009536743;40
2896;1332300292863.262120;28.8999996185303;30;3.64342260360718;3.65000009536743;40
2897;1332300293163.231340;29;30;3.72753500938416;3.64000010490417;40
2898;1332300293463.261180;29;30;3.69840216636658;3.64000010490417;40
2899;1332300293762.946600;29;30;3.65042901039124;3.64000010490417;40
2900;1332300294063.279680;29;30;3.60469460487366;3.64000010490417;40
2901;1332300294363.309020;29.1000003814697;30;3.71094131469727;3.64000010490417;40
2902;1332300294663.263600;29.1000003814697;30;3.70200634002686;3.64000010490417;40
2903;1332300294963.240140;29.1000003814697;30;3.65838432312012;3.65000009536743;40
2904;1332300295263.237160;29.1000003814697;30;3.61681795120239;3.65000009536743;40
2905;1332300295562.941160;29.1000003814697;30;3.60694646835327;3.66000008583069;40
2906;1332300295863.234840;29.1000003814697;30;3.59578800201416;3.66000008583069;40
2907;1332300296163.227840;29.2000007629395;30;3.59226012229919;3.67000007629395;40
2908;1332300296463.271460;29.2000007629395;30;3.73260569572449;3.67000007629395;40
2909;1332300296762.945340;29.2000007629395;30;3.67969655990601;3.67000007629395;40
2910;1332300297063.294780;29.2000007629395;30;3.63001871109009;3.67000007629395;40
2911;1332300297363.221700;29.2999992370605;30;3.73570513725281;3.6800000667572;40
2912;1332300297663.247180;29.2000007629395;30;3.5367603302002;3.69000005722046;40
2913;1332300297963.248700;29.2000007629395;30;3.5629186630249;3.69000005722046;40
2914;1332300298263.254140;29.2000007629395;30;3.58447551727295;3.69000005722046;40
2915;1332300298563.231980;29.2000007629395;30;3.58790826797485;3.6800000667572;40
2916;1332300298863.272900;29.2000007629395;30;3.58898401260376;3.67000007629395;40
2917;1332300299163.212260;29.2999992370605;30;3.58814430236816;3.66000008583069;40
2918;1332300299463.230320;29.2999992370605;30;3.73116016387939;3.65000009536743;40
2919;1332300299763.225400;29.2999992370605;30;3.67893958091736;3.65000009536743;40
2920;1332300300063.231740;29.2999992370605;30;3.63013434410095;3.64000010490417;40
2921;1332300300363.214820;29.3999996185303;30;3.73614096641541;3.64000010490417;40
2922;1332300300663.245500;29.3999996185303;30;3.72774696350098;3.65000009536743;40
2923;1332300300962.937240;29.3999996185303;30;3.68463277816772;3.65000009536743;40
2924;1332300301263.244740;29.3999996185303;30;3.64428067207336;3.66000008583069;40
2925;1332300301563.228520;29.5;30;3.75218725204468;3.67000007629395;40
2926;1332300301863.229340;29.5;30;3.74574732780457;3.6800000667572;40
2927;1332300302163.268800;29.5;30;3.70317482948303;3.69000005722046;40
2928;1332300302463.259060;29.5;30;3.66356515884399;3.70000004768372;40
2929;1332300302763.231460;29.6000003814697;30;3.8888795375824;3.71000003814697;40
2930;1332300303063.245740;29.6000003814697;30;3.74054431915283;3.72000002861023;40
2931;1332300303363.233380;29.7000007629395;30;3.82619047164917;3.72000002861023;40
2932;1332300303663.260740;29.7000007629395;30;3.80019283294678;3.75;40
2933;1332300303962.940400;29.7000007629395;30;3.75381326675415;3.75;40
2934;1332300304263.357360;29.7000007629395;30;3.71126937866211;3.72000002861023;40
2935;1332300304563.240320;29.7000007629395;30;3.70199036598206;3.72000002861023;40
2936;1332300304863.249540;29.7000007629395;30;3.69288396835327;3.73000001907349;40
2937;1332300305163.327180;29.7000007629395;30;3.69058179855347;3.74000000953674;40
2938;1332300305463.295960;29.7000007629395;30;3.68775224685669;3.74000000953674;40
2939;1332300305763.296380;29.7000007629395;30;3.68676495552063;3.74000000953674;40
2940;1332300306063.261000;29.7000007629395;30;3.68511939048767;3.74000000953674;40
2941;1332300306362.951920;29.7000007629395;30;3.68437385559082;3.74000000953674;40
2942;1332300306663.273300;29.7000007629395;30;3.68294978141785;3.75;40
2943;1332300306963.273400;29.7000007629395;30;3.6822555065155;3.74000000953674;40
2944;1332300307263.398060;29.7000007629395;30;3.68087100982666;3.74000000953674;40
2945;1332300307563.261620;29.7000007629395;30;3.68018507957458;3.73000001907349;40
2946;1332300307863.312540;29.7000007629395;30;3.67880845069885;3.73000001907349;40
2947;1332300308163.251420;29.7999992370605;30;3.6781222820282;3.73000001907349;40
2948;1332300308463.285340;29.7999992370605;30;3.82253074645996;3.73000001907349;40
2949;1332300308763.240060;29.7999992370605;30;3.77127552032471;3.73000001907349;40
2950;1332300309063.238780;29.7999992370605;30;3.72458791732788;3.72000002861023;40
2951;1332300309362.938820;29.7999992370605;30;3.71457934379578;3.72000002861023;40
2952;1332300309663.238520;29.7999992370605;30;3.70506310462952;3.72000002861023;40
2953;1332300309962.937720;29.7999992370605;30;3.70281195640564;3.72000002861023;40
2954;1332300310263.224180;29.7999992370605;30;3.70028138160706;3.72000002861023;40
2955;1332300310563.368220;29.8999996185303;30;3.8166024684906;3.70000004768372;40
2956;1332300310863.301720;29.8999996185303;30;3.81876420974731;3.70000004768372;40
2957;1332300311163.240620;29.8999996185303;30;3.77852058410645;3.70000004768372;40
2958;1332300311463.252160;29.8999996185303;30;3.74200820922852;3.71000003814697;40
2959;1332300311762.950360;30;30;3.73425936698914;3.71000003814697;40
2960;1332300312063.255240;30;30;3.87281203269958;3.72000002861023;40
2961;1332300312363.215880;30;30;3.82059264183044;3.73000001907349;40
2962;1332300312663.262740;30;30;3.77354884147644;3.74000000953674;40
2963;1332300312963.246720;30;30;3.76373648643494;3.75;40
2964;1332300313263.259180;30;30;3.75488996505737;3.75999999046326;40
2965;1332300313563.207040;30;30;3.75304865837097;3.75999999046326;40
2966;1332300313863.228900;30;30;3.75138545036316;3.76999998092651;40
2967;1332300314163.232760;30;30;3.75103688240051;3.76999998092651;40
2968;1332300314463.209500;30;30;3.750727891922;3.76999998092651;40
2969;1332300314763.206500;30.1000003814697;30;3.86778020858765;3.75999999046326;40
2970;1332300315063.249100;30.1000003814697;30;3.87109875679016;3.75999999046326;40
2971;1332300315363.211080;30.1000003814697;30;3.83136796951294;3.75999999046326;40
2972;1332300315663.235400;30.1000003814697;30;3.79581809043884;3.75999999046326;40
2973;1332300315963.226800;30.1000003814697;30;3.78853487968445;3.75999999046326;40
2974;1332300316263.274400;30.1000003814697;30;3.78222465515137;3.75999999046326;40
2975;1332300316563.231180;30.1000003814697;30;3.78103995323181;3.77999997138977;40
2976;1332300316863.230660;30.1000003814697;30;3.78022623062134;3.78999996185303;40
2977;1332300317163.197240;30.1000003814697;30;3.78018975257874;3.79999995231628;40
2978;1332300317463.213360;30.1000003814697;30;3.78040552139282;3.80999994277954;40
2979;1332300317763.341920;30.1000003814697;30;3.78058671951294;3.80999994277954;40
2980;1332300318063.251200;30.1000003814697;30;3.78099703788757;3.80999994277954;40
2981;1332300318363.201320;30.1000003814697;30;3.78121757507324;3.80999994277954;40
2982;1332300318663.288680;30.1000003814697;30;3.78166723251343;3.80999994277954;40
2983;1332300318963.184920;30.1000003814697;30;3.78189611434937;3.80999994277954;40
2984;1332300319263.211560;30.1000003814697;30;3.78234958648682;3.79999995231628;40
2985;1332300319563.242180;30.1000003814697;30;3.78257846832275;3.79999995231628;40
2986;1332300319863.268580;30.2000007629395;30;3.97305011749268;3.78999996185303;40
2987;1332300320163.184200;30.2000007629395;30;3.9037618637085;3.79999995231628;40
2988;1332300320463.259620;30.2000007629395;30;3.84184074401855;3.79999995231628;40
2989;1332300320763.217260;30.2000007629395;30;3.82919120788574;3.79999995231628;40
2990;1332300321063.247660;30.2000007629395;30;3.81829380989075;3.80999994277954;40
2991;1332300321363.231160;30.2000007629395;30;3.8162841796875;3.80999994277954;40
2992;1332300321663.203840;30.2000007629395;30;3.81498169898987;3.80999994277954;40
2993;1332300321963.201580;30.2000007629395;30;3.81497573852539;3.80999994277954;40
2994;1332300322263.307260;30.2000007629395;30;3.81547117233276;3.80999994277954;40
2995;1332300322563.196180;30.1000003814697;30;3.81584143638611;3.8199999332428;40
2996;1332300322863.283220;30.1000003814697;30;3.67089581489563;3.80999994277954;40
2997;1332300323163.192000;30.1000003814697;30;3.72191023826599;3.8199999332428;40
2998;1332300323463.210760;30.2000007629395;30;3.95813894271851;3.8199999332428;40
2999;1332300323763.210040;30.2000007629395;30;3.89839386940002;3.8199999332428;40
3000;1332300324063.300560;30.2000007629395;30;3.84507369995117;3.8199999332428;40
3001;1332300324363.231620;30.2000007629395;30;3.83421802520752;3.8199999332428;40
3002;1332300324663.248540;30.2000007629395;30;3.82493591308594;3.8199999332428;40
3003;1332300324963.283600;30.2000007629395;30;3.82326722145081;3.8199999332428;40
3004;1332300325263.232980;30.2000007629395;30;3.822265625;3.8199999332428;40
3005;1332300325563.287400;30.2000007629395;30;3.82232308387756;3.8199999332428;40
3006;1332300325863.222940;30.2000007629395;30;3.82287764549255;3.82999992370605;40
3007;1332300326163.183880;30.2000007629395;30;3.82326412200928;3.8199999332428;40
3008;1332300326463.236380;30.2000007629395;30;3.82410788536072;3.8199999332428;40
3009;1332300326763.237440;30.2000007629395;30;3.82455348968506;3.8199999332428;40
3010;1332300327063.209860;30.2000007629395;30;3.82545638084412;3.8199999332428;40
3011;1332300327363.182000;30.2000007629395;30;3.82591032981873;3.8199999332428;40
3012;1332300327663.235860;30.2999992370605;30;3.94394040107727;3.8199999332428;40
3013;1332300327963.226720;30.2999992370605;30;4.01728868484497;3.8199999332428;40
3014;1332300328263.200800;30.2999992370605;30;3.9089674949646;3.80999994277954;40
3015;1332300328563.194560;30.2000007629395;30;3.65253090858459;3.80999994277954;40
3016;1332300328863.206140;30.2000007629395;30;3.77231454849243;3.80999994277954;40
3017;1332300329163.239860;30.2000007629395;30;3.79756903648376;3.8199999332428;40
3018;1332300329463.259660;30.2000007629395;30;3.82082581520081;3.80999994277954;40
3019;1332300329763.216160;30.2000007629395;30;3.82594799995422;3.8199999332428;40
3020;1332300330063.215020;30.2000007629395;30;3.83106064796448;3.82999992370605;40
3021;1332300330363.230240;30.2000007629395;30;3.83239340782166;3.82999992370605;40
3022;1332300330663.242400;30.2000007629395;30;3.83410000801086;3.82999992370605;40
3023;1332300330963.218920;30.2000007629395;30;3.83471989631653;3.82999992370605;40
3024;1332300331263.297700;30.2000007629395;30;3.83578562736511;3.83999991416931;40
3025;1332300331562.953440;30.2000007629395;30;3.83627080917358;3.83999991416931;40
3026;1332300331863.231800;30.2000007629395;30;3.8372175693512;3.83999991416931;40
3027;1332300332163.268760;30.2000007629395;30;3.83767890930176;3.82999992370605;40
3028;1332300332463.265020;30.2000007629395;30;3.83859801292419;3.82999992370605;40
3029;1332300332763.238640;30.2000007629395;30;3.83905959129333;3.82999992370605;40
3030;1332300333063.284700;30.2999992370605;30;3.95709347724915;3.83999991416931;40
3031;1332300333363.253600;30.2999992370605;30;4.03044176101685;3.82999992370605;40
3032;1332300333663.243580;30.2999992370605;30;3.92212080955505;3.82999992370605;40
3033;1332300333963.241500;30.2999992370605;30;3.89992260932922;3.82999992370605;40
3034;1332300334263.241560;30.2999992370605;30;3.88067603111267;3.83999991416931;40
3035;1332300334562.934540;30.2999992370605;30;3.87706184387207;3.83999991416931;40
3036;1332300334863.326300;30.2999992370605;30;3.87455749511719;3.84999990463257;40
3037;1332300335163.253020;30.2999992370605;30;3.87443614006042;3.85999989509583;40
3038;1332300335463.282940;30.2999992370605;30;3.875079870224;3.85999989509583;40
3039;1332300335763.261900;30.2999992370605;30;3.87561178207397;3.84999990463257;40
3040;1332300336063.266440;30.2999992370605;30;3.87684941291809;3.85999989509583;40
3041;1332300336363.245220;30.2999992370605;30;3.87750792503357;3.86999988555908;40
3042;1332300336663.299020;30.2999992370605;30;3.87885284423828;3.86999988555908;40
3043;1332300336963.219100;30.2000007629395;30;3.6452968120575;3.85999989509583;40
3044;1332300337263.244880;30.2000007629395;30;3.78569149971008;3.84999990463257;40
3045;1332300337563.249680;30.2000007629395;30;3.81525063514709;3.84999990463257;40
3046;1332300337863.273500;30.2000007629395;30;3.84238386154175;3.82999992370605;40
3047;1332300338163.239640;30.2000007629395;30;3.84831023216248;3.8199999332428;40
3048;1332300338463.261340;30.2000007629395;30;3.85415124893188;3.80999994277954;40
3049;1332300338763.226480;30.2000007629395;30;3.85563850402832;3.79999995231628;40
3050;1332300339063.208220;30.2000007629395;30;3.8574800491333;3.78999996185303;40
3051;1332300339363.223100;30.2999992370605;30;3.97525095939636;3.78999996185303;40
3052;1332300339663.225900;30.2999992370605;30;3.97971367835999;3.78999996185303;40
3053;1332300339962.947240;30.2999992370605;30;3.9404878616333;3.79999995231628;40
3054;1332300340263.241460;30.3999996185303;30;4.14013957977295;3.80999994277954;40
3055;1332300340563.287000;30.3999996185303;30;4.04486417770386;3.80999994277954;40
3056;1332300340863.296260;30.3999996185303;30;3.96003580093384;3.83999991416931;40
3057;1332300341163.305560;30.3999996185303;30;3.94286966323853;3.90000009536743;40
3058;1332300341463.222720;30.3999996185303;30;3.9284086227417;3.95000004768372;40
3059;1332300341763.213420;30.3999996185303;30;3.92592597007751;3.97000002861023;40
3060;1332300342063.293280;30.2999992370605;30;3.80757117271423;3.98000001907349;40
3061;1332300342363.254940;30.2999992370605;30;3.73495435714722;3.97000002861023;40
3062;1332300342663.258600;30.2999992370605;30;3.84545016288757;3.9300000667572;40
3063;1332300342963.249340;30.2999992370605;30;3.86890172958374;3.88000011444092;40
3064;1332300343263.254140;30.2999992370605;30;3.89078259468079;3.82999992370605;40
3065;1332300343563.212380;30.2000007629395;30;3.77863049507141;3.78999996185303;40
3066;1332300343863.292560;30.2000007629395;30;3.78048276901245;3.76999998092651;40
3067;1332300344163.199680;30.2000007629395;30;3.82169127464294;3.77999997138977;40
3068;1332300344463.248760;30.2000007629395;30;3.85932660102844;3.77999997138977;40
3069;1332300344763.315640;30.2000007629395;30;3.86744666099548;3.77999997138977;40
3070;1332300345063.250520;30.2000007629395;30;3.87526369094849;3.76999998092651;40
3071;1332300345363.191020;30.2000007629395;30;3.87716269493103;3.77999997138977;40
3072;1332300345663.268940;30.2000007629395;30;3.87937235832214;3.78999996185303;40
3073;1332300345963.193800;30.2000007629395;30;3.88009929656982;3.79999995231628;40
3074;1332300346263.253140;30.2000007629395;30;3.88125991821289;3.80999994277954;40
3075;1332300346563.208220;30.2000007629395;30;3.88176894187927;3.80999994277954;40
3076;1332300346863.257240;30.2000007629395;30;3.88272738456726;3.8199999332428;40
3077;1332300347163.220240;30.2000007629395;30;3.88319683074951;3.82999992370605;40
3078;1332300347463.225260;30.2000007629395;30;3.88411951065063;3.82999992370605;40
3079;1332300347763.220440;30.2000007629395;30;3.88458132743835;3.83999991416931;40
3080;1332300348063.232680;30.2000007629395;30;3.88549613952637;3.83999991416931;40
3081;1332300348363.218060;30.2000007629395;30;3.88595366477966;3.84999990463257;40
3082;1332300348663.218040;30.2000007629395;30;3.88686847686768;3.84999990463257;40
3083;1332300348963.253720;30.2000007629395;30;3.88732624053955;3.84999990463257;40
3084;1332300349263.293780;30.2000007629395;30;3.88824129104614;3.84999990463257;40
3085;1332300349563.212680;30.2000007629395;30;3.88869881629944;3.84999990463257;40
3086;1332300349863.270400;30.2000007629395;30;3.88961362838745;3.85999989509583;40
3087;1332300350163.286400;30.2000007629395;30;3.89007139205933;3.86999988555908;40
3088;1332300350463.227220;30.2000007629395;30;3.89098620414734;3.86999988555908;40
3089;1332300350762.953160;30.2000007629395;30;3.89144372940063;3.89000010490417;40
3090;1332300351063.245860;30.2000007629395;30;3.89235877990723;3.90000009536743;40
3091;1332300351362.936980;30.2000007629395;30;3.89281630516052;3.91000008583069;40
3092;1332300351663.253300;30.2000007629395;30;3.89373135566711;3.9300000667572;40
3093;1332300351963.234700;30.2000007629395;30;3.89418888092041;3.94000005722046;40
3094;1332300352263.259740;30.2000007629395;30;3.89510369300842;3.95000004768372;40
3095;1332300352562.937320;30.2000007629395;30;3.8955614566803;3.96000003814697;40
3096;1332300352862.946260;30.2000007629395;30;3.89647650718689;3.96000003814697;40
3097;1332300353163.239740;30.2000007629395;30;3.89693379402161;3.96000003814697;40
3098;1332300353463.245380;30.2000007629395;30;3.8978488445282;3.97000002861023;40
3099;1332300353763.244600;30.1000003814697;30;3.78118705749512;3.97000002861023;40
3100;1332300354062.941900;30.1000003814697;30;3.77872395515442;3.98000001907349;40
3101;1332300354362.937640;30.1000003814697;30;3.81890058517456;3.97000002861023;40
3102;1332300354663.264660;30.1000003814697;30;3.85535764694214;3.96000003814697;40
3103;1332300354962.921100;30.1000003814697;30;3.86309456825256;3.92000007629395;40
3104;1332300355262.952920;30.1000003814697;30;3.87031960487366;3.89000010490417;40
3105;1332300355563.240400;30.1000003814697;30;3.87195777893066;3.86999988555908;40
3106;1332300355862.946220;30.1000003814697;30;3.87368655204773;3.85999989509583;40
3107;1332300356162.948520;30.1000003814697;30;3.87418031692505;3.85999989509583;40
3108;1332300356463.296560;30.1000003814697;30;3.87487554550171;3.85999989509583;40
3109;1332300356763.260720;30.1000003814697;30;3.87515592575073;3.85999989509583;40
3110;1332300357063.255560;30.1000003814697;30;3.87566089630127;3.85999989509583;40
3111;1332300357362.938840;30;30;3.64165472984314;3.86999988555908;40
3112;1332300357662.943320;30;30;3.78115034103394;3.86999988555908;40
3113;1332300357962.935520;30;30;3.81025576591492;3.86999988555908;40
3114;1332300358263.278680;30;30;3.83647441864014;3.85999989509583;40
3115;1332300358563.259300;30;30;3.84194684028625;3.85999989509583;40
3116;1332300358863.261340;30;30;3.84687280654907;3.85999989509583;40
3117;1332300359163.265320;30;30;3.84790253639221;3.85999989509583;40
3118;1332300359463.343620;30;30;3.84882926940918;3.85999989509583;40
3119;1332300359762.932140;30;30;3.84901928901672;3.85999989509583;40
3120;1332300360063.255280;30.1000003814697;30;3.96631264686584;3.88000011444092;40
3121;1332300360362.939960;30.1000003814697;30;4.03924751281738;3.89000010490417;40
3122;1332300360663.261840;30.1000003814697;30;3.93003916740417;3.89000010490417;40
3123;1332300360963.264120;30.1000003814697;30;3.90739154815674;3.88000011444092;40
3124;1332300361262.953840;30.1000003814697;30;3.88723373413086;3.89000010490417;40
3125;1332300361563.256700;30.2000007629395;30;3.88316583633423;3.90000009536743;40
3126;1332300361863.268560;30.2000007629395;30;4.02553224563599;3.90000009536743;40
3127;1332300362162.930820;30.2000007629395;30;3.97437620162964;3.90000009536743;40
3128;1332300362463.253740;30.2000007629395;30;3.92879414558411;3.91000008583069;40
3129;1332300362762.943240;30.2000007629395;30;3.91954970359802;3.91000008583069;40
3130;1332300363063.263280;30.2000007629395;30;3.91172528266907;3.9300000667572;40
3131;1332300363362.926820;30.2000007629395;30;3.91035723686218;3.94000005722046;40
3132;1332300363663.245400;30.1000003814697;30;3.79250979423523;3.92000007629395;40
3133;1332300363963.291860;30.1000003814697;30;3.71973156929016;3.86999988555908;40
3134;1332300364263.236040;30.1000003814697;30;3.82957792282104;3.84999990463257;40
3135;1332300364563.229640;30.1000003814697;30;3.85262727737427;3.85999989509583;40
3136;1332300364863.224020;30.1000003814697;30;3.87364459037781;3.85999989509583;40
3137;1332300365163.227980;30.1000003814697;30;3.87816214561462;3.83999991416931;40
3138;1332300365463.258580;30.1000003814697;30;3.88248825073242;3.80999994277954;40
3139;1332300365762.950800;30.1000003814697;30;3.88352108001709;3.79999995231628;40
3140;1332300366063.231260;30.1000003814697;30;3.88470315933228;3.80999994277954;40
3141;1332300366363.227380;30.1000003814697;30;3.88508629798889;3.8199999332428;40
3142;1332300366663.238420;30.1000003814697;30;3.88567876815796;3.83999991416931;40
3143;1332300366963.229300;30.1000003814697;30;3.88593506813049;3.83999991416931;40
3144;1332300367263.257360;30.1000003814697;30;3.88642024993896;3.83999991416931;40
3145;1332300367563.274540;30.1000003814697;30;3.88665318489075;3.83999991416931;40
3146;1332300367863.217620;30.1000003814697;30;3.88711428642273;3.84999990463257;40
3147;1332300368163.227640;30.1000003814697;30;3.88734722137451;3.85999989509583;40
3148;1332300368463.236780;30.1000003814697;30;3.88780474662781;3.85999989509583;40
3149;1332300368762.952760;30.1000003814697;30;3.88803339004517;3.84999990463257;40
3150;1332300369063.231540;30.1000003814697;30;3.88849091529846;3.85999989509583;40
3151;1332300369363.211200;30.1000003814697;30;3.88871955871582;3.86999988555908;40
3152;1332300369663.260500;30.1000003814697;30;3.88917708396912;3.88000011444092;40
3153;1332300369963.205440;30.1000003814697;30;3.88940596580505;3.88000011444092;40
3154;1332300370263.274000;30.1000003814697;30;3.88986349105835;3.88000011444092;40
3155;1332300370563.216940;30.1000003814697;30;3.89009237289429;3.88000011444092;40
3156;1332300370863.234180;30.1000003814697;30;3.890549659729;3.89000010490417;40
3157;1332300371162.949400;30.1000003814697;30;3.89077830314636;3.91000008583069;40
3158;1332300371463.285980;30.1000003814697;30;3.89123606681824;3.92000007629395;40
3159;1332300371763.308160;30.1000003814697;30;3.8914647102356;3.92000007629395;40
3160;1332300372063.229380;30.1000003814697;30;3.89192223548889;3.92000007629395;40
3161;1332300372363.208780;30.1000003814697;30;3.89215087890625;3.92000007629395;40
3162;1332300372663.267640;30.1000003814697;30;3.89260840415955;3.9300000667572;40
3163;1332300372963.242940;30.1000003814697;30;3.89283728599548;3.9300000667572;40
3164;1332300373263.268480;30.1000003814697;30;3.89329481124878;3.9300000667572;40
3165;1332300373563.252600;30.1000003814697;30;3.89352345466614;3.94000005722046;40
3166;1332300373863.245080;30.1000003814697;30;3.89398074150085;3.9300000667572;40
3167;1332300374163.214180;30.1000003814697;30;3.89420962333679;3.94000005722046;40
3168;1332300374463.246300;30.1000003814697;30;3.89466714859009;3.9300000667572;40
3169;1332300374763.283840;30.1000003814697;30;3.89489603042603;3.94000005722046;40
3170;1332300375063.342600;30.1000003814697;30;3.89535355567932;3.95000004768372;40
3171;1332300375363.224500;30.1000003814697;30;3.89558243751526;3.96000003814697;40
3172;1332300375663.226280;30.1000003814697;30;3.89603972434998;3.98000001907349;40
3173;1332300375962.937060;30.1000003814697;30;3.89626836776733;4;40
3174;1332300376263.245360;30.1000003814697;30;3.89672589302063;3.98000001907349;40
3175;1332300376562.948320;30.1000003814697;30;3.89695477485657;3.9300000667572;40
